/*
 * Usuarios.
 *
 * @see http://api.generadordni.es/
 * @see http://www.generatedata.com
 */

INSERT INTO `gesi_usuarios` (`id`, `nif`, `rol`, `nombre`, `apellidos`, `password`, `fecha_nacimiento`, `numero_telefono`, `email`, `fecha_ultimo_acceso`, `fecha_registro`, `grupo`)
VALUES
(NULL, '40565712Z', 3, 'Jenny', 'Emerson Trevino', '$2y$10$hvALymDhxCnbWjlO5hkAl.aCsA9pSSVTcF4m/3cXfh7A/m8oFtiyu', '1555-11-17', '612345678', 'jenny.emersontrevino@email.invalid', '2020-05-27 19:45:51', '2020-05-27 16:04:59', NULL),
(NULL, '06213239L', 3, 'Brynn', 'Cox Baker', '$2y$10$hvALymDhxCnbWjlO5hkAl.aCsA9pSSVTcF4m/3cXfh7A/m8oFtiyu', '1997-04-18', '972716831', 'brynn.coxbaker@email.invalid', NULL, '2020-05-27 00:00:00', NULL),
(NULL, '66032825D', 3, 'Irma', 'Nixon Floyd', '$2y$10$hvALymDhxCnbWjlO5hkAl.aCsA9pSSVTcF4m/3cXfh7A/m8oFtiyu', '2005-10-02', '552167628', 'irma.nixonfloyd@email.invalid', NULL, '2020-05-27 00:00:00', NULL),
(NULL, '94830874B', 3, 'Ima', 'Cooke Trujillo', '$2y$10$hvALymDhxCnbWjlO5hkAl.aCsA9pSSVTcF4m/3cXfh7A/m8oFtiyu', '1994-02-18', '284083290', 'ima.cooketrujillo@email.invalid', NULL, '2020-05-27 00:00:00', NULL),
(NULL, '21467053A', 2, 'Reuben', 'James Mayo', '$2y$10$hvALymDhxCnbWjlO5hkAl.aCsA9pSSVTcF4m/3cXfh7A/m8oFtiyu', '2005-06-24', '232067986', 'reuben.jamesmayo@email.invalid', NULL, '2020-05-27 00:00:00', NULL),
(NULL, '80352376J', 2, 'Lenore', 'Koch Sweeney', '$2y$10$hvALymDhxCnbWjlO5hkAl.aCsA9pSSVTcF4m/3cXfh7A/m8oFtiyu', '2005-02-23', '180292707', 'lenore.kochsweeney@email.invalid', NULL, '2020-05-27 00:00:00', NULL),
(NULL, '23242053R', 2, 'Katell', 'Hunt Mayo', '$2y$10$hvALymDhxCnbWjlO5hkAl.aCsA9pSSVTcF4m/3cXfh7A/m8oFtiyu', '1996-08-14', '371217033', 'katell.huntmayo@email.invalid', NULL, '2020-05-27 00:00:00', NULL),
(NULL, '97183776J', 2, 'Abbot', 'Kane Mckee', '$2y$10$hvALymDhxCnbWjlO5hkAl.aCsA9pSSVTcF4m/3cXfh7A/m8oFtiyu', '1995-03-05', '089738863', 'abbot.kanemckee@email.invalid', NULL, '2020-05-27 00:00:00', NULL),
(NULL, '67977135Z', 2, 'Francis', 'Calhoun Hernandez', '$2y$10$hvALymDhxCnbWjlO5hkAl.aCsA9pSSVTcF4m/3cXfh7A/m8oFtiyu', '2005-06-17', '825971512', 'francis.calhounhernandez@email.invalid', NULL, '2020-05-27 00:00:00', NULL),
(NULL, '88780375F', 2, 'Eleanor', 'Dalton Cole', '$2y$10$hvALymDhxCnbWjlO5hkAl.aCsA9pSSVTcF4m/3cXfh7A/m8oFtiyu', '1996-12-13', '978632241', 'eleanor.daltoncole@email.invalid', NULL, '2020-05-27 00:00:00', NULL),
(NULL, '49526324X', 2, 'Rhonda', 'Chandler Vincent', '$2y$10$hvALymDhxCnbWjlO5hkAl.aCsA9pSSVTcF4m/3cXfh7A/m8oFtiyu', '2002-08-05', '309586425', 'rhonda.chandlervincent@email.invalid', NULL, '2020-05-27 00:00:00', NULL),
(NULL, '10990542S', 2, 'September', 'Fry Black', '$2y$10$hvALymDhxCnbWjlO5hkAl.aCsA9pSSVTcF4m/3cXfh7A/m8oFtiyu', '2000-10-01', '430175195', 'september.fryblack@email.invalid', NULL, '2020-05-27 00:00:00', NULL),
(NULL, '29606868A', 2, 'Zia', 'Farmer Duke', '$2y$10$hvALymDhxCnbWjlO5hkAl.aCsA9pSSVTcF4m/3cXfh7A/m8oFtiyu', '2002-12-17', '661249591', 'zia.farmerduke@email.invalid', NULL, '2020-05-27 00:00:00', NULL),
(NULL, '13118010Y', 2, 'Ina', 'Sweet Aguilar', '$2y$10$hvALymDhxCnbWjlO5hkAl.aCsA9pSSVTcF4m/3cXfh7A/m8oFtiyu', '1995-12-13', '136547414', 'ina.sweetaguilar@email.invalid', NULL, '2020-05-27 00:00:00', NULL),
(NULL, '86635323G', 2, 'Omar', 'Delgado Barton', '$2y$10$hvALymDhxCnbWjlO5hkAl.aCsA9pSSVTcF4m/3cXfh7A/m8oFtiyu', '2002-04-27', '717724070', 'omar.delgadobarton@email.invalid', NULL, '2020-05-27 00:00:00', NULL),
(NULL, '02832674V', 2, 'Yvette', 'Schwartz Mueller', '$2y$10$hvALymDhxCnbWjlO5hkAl.aCsA9pSSVTcF4m/3cXfh7A/m8oFtiyu', '1994-02-16', '831425028', 'yvette.schwartzmueller@email.invalid', NULL, '2020-05-27 00:00:00', NULL),
(NULL, '29485554Z', 2, 'Vielka', 'Walls Lang', '$2y$10$hvALymDhxCnbWjlO5hkAl.aCsA9pSSVTcF4m/3cXfh7A/m8oFtiyu', '2004-08-12', '974296510', 'vielka.wallslang@email.invalid', NULL, '2020-05-27 00:00:00', NULL),
(NULL, '26614904V', 2, 'Brett', 'Odom Brown', '$2y$10$hvALymDhxCnbWjlO5hkAl.aCsA9pSSVTcF4m/3cXfh7A/m8oFtiyu', '1995-10-04', '433614841', 'brett.odombrown@email.invalid', NULL, '2020-05-27 00:00:00', NULL),
(NULL, '09240056J', 2, 'Catherine', 'Wynn Gray', '$2y$10$hvALymDhxCnbWjlO5hkAl.aCsA9pSSVTcF4m/3cXfh7A/m8oFtiyu', '2003-08-27', '238530628', 'catherine.wynngray@email.invalid', NULL, '2020-05-27 00:00:00', NULL),
(NULL, '26429272H', 2, 'Felix', 'Duffy Hayes', '$2y$10$hvALymDhxCnbWjlO5hkAl.aCsA9pSSVTcF4m/3cXfh7A/m8oFtiyu', '1993-10-03', '675732955', 'felix.duffyhayes@email.invalid', NULL, '2020-05-27 00:00:00', NULL),
(NULL, '19111471N', 2, 'Emerald', 'Thomas Suarez', '$2y$10$hvALymDhxCnbWjlO5hkAl.aCsA9pSSVTcF4m/3cXfh7A/m8oFtiyu', '2003-03-11', '757414607', 'emerald.thomassuarez@email.invalid', NULL, '2020-05-27 00:00:00', NULL),
(NULL, '91720004Y', 2, 'Abel', 'Garza Bonner', '$2y$10$hvALymDhxCnbWjlO5hkAl.aCsA9pSSVTcF4m/3cXfh7A/m8oFtiyu', '1993-02-12', '477886706', 'abel.garzabonner@email.invalid', NULL, '2020-05-27 00:00:00', NULL),
(NULL, '00448690Y', 2, 'Zeus', 'Emerson Reilly', '$2y$10$hvALymDhxCnbWjlO5hkAl.aCsA9pSSVTcF4m/3cXfh7A/m8oFtiyu', '1998-02-14', '484838772', 'zeus.emersonreilly@email.invalid', NULL, '2020-05-27 00:00:00', NULL),
(NULL, '08235669J', 2, 'Carolyn', 'Mclean Kelly', '$2y$10$hvALymDhxCnbWjlO5hkAl.aCsA9pSSVTcF4m/3cXfh7A/m8oFtiyu', '1998-01-07', '028188846', 'carolyn.mcleankelly@email.invalid', NULL, '2020-05-27 00:00:00', NULL),
(NULL, '08683419E', 2, 'Blair', 'Gonzalez Head', '$2y$10$hvALymDhxCnbWjlO5hkAl.aCsA9pSSVTcF4m/3cXfh7A/m8oFtiyu', '2003-04-23', '233127411', 'blair.gonzalezhead@email.invalid', NULL, '2020-05-27 00:00:00', NULL),
(NULL, '42541795Y', 2, 'Mufutau', 'Ochoa Mills', '$2y$10$hvALymDhxCnbWjlO5hkAl.aCsA9pSSVTcF4m/3cXfh7A/m8oFtiyu', '2001-08-19', '705790939', 'mufutau.ochoamills@email.invalid', NULL, '2020-05-27 00:00:00', NULL),
(NULL, '13343498W', 2, 'Maya', 'George Berry', '$2y$10$hvALymDhxCnbWjlO5hkAl.aCsA9pSSVTcF4m/3cXfh7A/m8oFtiyu', '2001-09-07', '524584303', 'maya.georgeberry@email.invalid', NULL, '2020-05-27 00:00:00', NULL),
(NULL, '48412979A', 2, 'David', 'Richmond Rasmussen', '$2y$10$hvALymDhxCnbWjlO5hkAl.aCsA9pSSVTcF4m/3cXfh7A/m8oFtiyu', '2003-11-03', '076511032', 'david.richmondrasmussen@email.invalid', NULL, '2020-05-27 00:00:00', NULL),
(NULL, '85993374P', 1, 'Brendan', 'Lowe Collins', '$2y$10$hvALymDhxCnbWjlO5hkAl.aCsA9pSSVTcF4m/3cXfh7A/m8oFtiyu', '1997-12-10', '896669170', 'brendan.lowecollins@email.invalid', NULL, '2020-05-27 00:00:00', NULL),
(NULL, '66784074D', 1, 'Amal', 'Sexton Leblanc', '$2y$10$hvALymDhxCnbWjlO5hkAl.aCsA9pSSVTcF4m/3cXfh7A/m8oFtiyu', '2000-10-31', '370035678', 'amal.sextonleblanc@email.invalid', NULL, '2020-05-27 00:00:00', NULL),
(NULL, '22397307E', 1, 'Seth', 'Merritt Hogan', '$2y$10$hvALymDhxCnbWjlO5hkAl.aCsA9pSSVTcF4m/3cXfh7A/m8oFtiyu', '2000-01-11', '703389131', 'seth.merritthogan@email.invalid', NULL, '2020-05-27 00:00:00', NULL),
(NULL, '31906673S', 1, 'Hermione', 'Gill Mcgowan', '$2y$10$hvALymDhxCnbWjlO5hkAl.aCsA9pSSVTcF4m/3cXfh7A/m8oFtiyu', '1993-10-16', '424147501', 'hermione.gillmcgowan@email.invalid', NULL, '2020-05-27 00:00:00', NULL),
(NULL, '59912132F', 1, 'Kaseem', 'Barker Fernandez', '$2y$10$hvALymDhxCnbWjlO5hkAl.aCsA9pSSVTcF4m/3cXfh7A/m8oFtiyu', '2004-01-27', '578743292', 'kaseem.barkerfernandez@email.invalid', NULL, '2020-05-27 00:00:00', NULL),
(NULL, '17516850G', 1, 'Ryder', 'Wiggins Ballard', '$2y$10$hvALymDhxCnbWjlO5hkAl.aCsA9pSSVTcF4m/3cXfh7A/m8oFtiyu', '2005-10-21', '390751153', 'ryder.wigginsballard@email.invalid', NULL, '2020-05-27 00:00:00', NULL),
(NULL, '46065148N', 1, 'Uta', 'Tucker Vaughan', '$2y$10$hvALymDhxCnbWjlO5hkAl.aCsA9pSSVTcF4m/3cXfh7A/m8oFtiyu', '2003-04-01', '326315323', 'uta.tuckervaughan@email.invalid', NULL, '2020-05-27 00:00:00', NULL),
(NULL, '48390223V', 1, 'Farrah', 'Mcgee Stevens', '$2y$10$hvALymDhxCnbWjlO5hkAl.aCsA9pSSVTcF4m/3cXfh7A/m8oFtiyu', '1993-09-10', '199891370', 'farrah.mcgeestevens@email.invalid', NULL, '2020-05-27 00:00:00', NULL),
(NULL, '39420538X', 1, 'Christopher', 'Leblanc Pittman', '$2y$10$hvALymDhxCnbWjlO5hkAl.aCsA9pSSVTcF4m/3cXfh7A/m8oFtiyu', '2003-11-02', '259852221', 'christopher.leblancpittman@email.invalid', NULL, '2020-05-27 00:00:00', NULL),
(NULL, '01733208C', 1, 'Meredith', 'Manning Anthony', '$2y$10$hvALymDhxCnbWjlO5hkAl.aCsA9pSSVTcF4m/3cXfh7A/m8oFtiyu', '1996-07-23', '817892438', 'meredith.manninganthony@email.invalid', NULL, '2020-05-27 00:00:00', NULL),
(NULL, '74219189Y', 1, 'Serina', 'Bruce Solis', '$2y$10$hvALymDhxCnbWjlO5hkAl.aCsA9pSSVTcF4m/3cXfh7A/m8oFtiyu', '2002-08-05', '668550911', 'serina.brucesolis@email.invalid', NULL, '2020-05-27 00:00:00', NULL),
(NULL, '04901381N', 1, 'Katell', 'Leach Eaton', '$2y$10$hvALymDhxCnbWjlO5hkAl.aCsA9pSSVTcF4m/3cXfh7A/m8oFtiyu', '2000-06-07', '497824457', 'katell.leacheaton@email.invalid', NULL, '2020-05-27 00:00:00', NULL),
(NULL, '00442084R', 1, 'Rhiannon', 'Good Sparks', '$2y$10$hvALymDhxCnbWjlO5hkAl.aCsA9pSSVTcF4m/3cXfh7A/m8oFtiyu', '1999-06-21', '266872766', 'rhiannon.goodsparks@email.invalid', NULL, '2020-05-27 00:00:00', NULL),
(NULL, '93914091P', 1, 'Charissa', 'Morgan Trevino', '$2y$10$hvALymDhxCnbWjlO5hkAl.aCsA9pSSVTcF4m/3cXfh7A/m8oFtiyu', '2004-06-11', '801513726', 'charissa.morgantrevino@email.invalid', NULL, '2020-05-27 00:00:00', NULL),
(NULL, '23292395L', 1, 'Indira', 'Ayers Payne', '$2y$10$hvALymDhxCnbWjlO5hkAl.aCsA9pSSVTcF4m/3cXfh7A/m8oFtiyu', '1999-10-16', '499523770', 'indira.ayerspayne@email.invalid', NULL, '2020-05-27 00:00:00', NULL),
(NULL, '55189159S', 1, 'Axel', 'Dennis Gardner', '$2y$10$hvALymDhxCnbWjlO5hkAl.aCsA9pSSVTcF4m/3cXfh7A/m8oFtiyu', '1998-04-30', '097814101', 'axel.dennisgardner@email.invalid', NULL, '2020-05-27 00:00:00', NULL),
(NULL, '38469431E', 1, 'Cecilia', 'Swanson Henry', '$2y$10$hvALymDhxCnbWjlO5hkAl.aCsA9pSSVTcF4m/3cXfh7A/m8oFtiyu', '2005-03-24', '048984194', 'cecilia.swansonhenry@email.invalid', NULL, '2020-05-27 00:00:00', NULL),
(NULL, '35051008C', 1, 'Lila', 'Cantrell Love', '$2y$10$hvALymDhxCnbWjlO5hkAl.aCsA9pSSVTcF4m/3cXfh7A/m8oFtiyu', '2000-12-19', '400076958', 'lila.cantrelllove@email.invalid', NULL, '2020-05-27 00:00:00', NULL),
(NULL, '55062350M', 1, 'Bree', 'Rollins Griffith', '$2y$10$hvALymDhxCnbWjlO5hkAl.aCsA9pSSVTcF4m/3cXfh7A/m8oFtiyu', '1994-01-26', '359945069', 'bree.rollinsgriffith@email.invalid', NULL, '2020-05-27 00:00:00', NULL),
(NULL, '18253087B', 1, 'Samantha', 'Gill Snider', '$2y$10$hvALymDhxCnbWjlO5hkAl.aCsA9pSSVTcF4m/3cXfh7A/m8oFtiyu', '2000-01-07', '755154030', 'samantha.gillsnider@email.invalid', NULL, '2020-05-27 00:00:00', NULL),
(NULL, '18293732S', 1, 'Elliott', 'Wilkinson Schwartz', '$2y$10$hvALymDhxCnbWjlO5hkAl.aCsA9pSSVTcF4m/3cXfh7A/m8oFtiyu', '2001-01-19', '951466631', 'elliott.wilkinsonschwartz@email.invalid', NULL, '2020-05-27 00:00:00', NULL),
(NULL, '44323735K', 1, 'Macey', 'Blevins Fleming', '$2y$10$hvALymDhxCnbWjlO5hkAl.aCsA9pSSVTcF4m/3cXfh7A/m8oFtiyu', '1998-09-29', '451561020', 'macey.blevinsfleming@email.invalid', NULL, '2020-05-27 00:00:00', NULL),
(NULL, '13492780Z', 1, 'Sigourney', 'King Bright', '$2y$10$hvALymDhxCnbWjlO5hkAl.aCsA9pSSVTcF4m/3cXfh7A/m8oFtiyu', '1999-11-19', '279800845', 'sigourney.kingbright@email.invalid', NULL, '2020-05-27 00:00:00', NULL),
(NULL, '89772793K', 1, 'Reuben', 'Cote Maxwell', '$2y$10$hvALymDhxCnbWjlO5hkAl.aCsA9pSSVTcF4m/3cXfh7A/m8oFtiyu', '2004-04-04', '469275613', 'reuben.cotemaxwell@email.invalid', NULL, '2020-05-27 00:00:00', NULL),
(NULL, '26448923G', 1, 'Jaquelyn', 'Ramirez Roberts', '$2y$10$hvALymDhxCnbWjlO5hkAl.aCsA9pSSVTcF4m/3cXfh7A/m8oFtiyu', '2000-10-10', '498825545', 'jaquelyn.ramirezroberts@email.invalid', NULL, '2020-05-27 00:00:00', NULL),
(NULL, '21578628M', 1, 'Elton', 'Sykes Doyle', '$2y$10$hvALymDhxCnbWjlO5hkAl.aCsA9pSSVTcF4m/3cXfh7A/m8oFtiyu', '1997-09-04', '228239059', 'elton.sykesdoyle@email.invalid', NULL, '2020-05-27 00:00:00', NULL),
(NULL, '94638985B', 1, 'Amery', 'Mcmillan Morris', '$2y$10$hvALymDhxCnbWjlO5hkAl.aCsA9pSSVTcF4m/3cXfh7A/m8oFtiyu', '1993-01-15', '470806430', 'amery.mcmillanmorris@email.invalid', NULL, '2020-05-27 00:00:00', NULL),
(NULL, '39024408D', 1, 'Carissa', 'Bonner Santos', '$2y$10$hvALymDhxCnbWjlO5hkAl.aCsA9pSSVTcF4m/3cXfh7A/m8oFtiyu', '2005-10-09', '197942290', 'carissa.bonnersantos@email.invalid', NULL, '2020-05-27 00:00:00', NULL),
(NULL, '06646496W', 1, 'Arthur', 'Lynch Dawson', '$2y$10$hvALymDhxCnbWjlO5hkAl.aCsA9pSSVTcF4m/3cXfh7A/m8oFtiyu', '1993-12-02', '743939418', 'arthur.lynchdawson@email.invalid', NULL, '2020-05-27 00:00:00', NULL),
(NULL, '01420085L', 1, 'Prescott', 'Collins Wall', '$2y$10$hvALymDhxCnbWjlO5hkAl.aCsA9pSSVTcF4m/3cXfh7A/m8oFtiyu', '1994-12-29', '612516447', 'prescott.collinswall@email.invalid', NULL, '2020-05-27 00:00:00', NULL),
(NULL, '53632830G', 1, 'Victor', 'Hooper Pickett', '$2y$10$hvALymDhxCnbWjlO5hkAl.aCsA9pSSVTcF4m/3cXfh7A/m8oFtiyu', '1999-06-05', '511728896', 'victor.hooperpickett@email.invalid', NULL, '2020-05-27 00:00:00', NULL),
(NULL, '86419143R', 1, 'Hayes', 'Garrison Knowles', '$2y$10$hvALymDhxCnbWjlO5hkAl.aCsA9pSSVTcF4m/3cXfh7A/m8oFtiyu', '2003-04-05', '869373765', 'hayes.garrisonknowles@email.invalid', NULL, '2020-05-27 00:00:00', NULL),
(NULL, '10884840K', 1, 'Evan', 'Kinney Leonard', '$2y$10$hvALymDhxCnbWjlO5hkAl.aCsA9pSSVTcF4m/3cXfh7A/m8oFtiyu', '2003-10-30', '190843824', 'evan.kinneyleonard@email.invalid', NULL, '2020-05-27 00:00:00', NULL),
(NULL, '23274195N', 1, 'Deanna', 'Hewitt Dyer', '$2y$10$hvALymDhxCnbWjlO5hkAl.aCsA9pSSVTcF4m/3cXfh7A/m8oFtiyu', '2002-07-04', '693446812', 'deanna.hewittdyer@email.invalid', NULL, '2020-05-27 00:00:00', NULL),
(NULL, '02571894B', 1, 'Fay', 'Tran Herring', '$2y$10$hvALymDhxCnbWjlO5hkAl.aCsA9pSSVTcF4m/3cXfh7A/m8oFtiyu', '1993-09-30', '332471400', 'fay.tranherring@email.invalid', NULL, '2020-05-27 00:00:00', NULL),
(NULL, '54406830P', 1, 'Alfonso', 'Hodges Gallegos', '$2y$10$hvALymDhxCnbWjlO5hkAl.aCsA9pSSVTcF4m/3cXfh7A/m8oFtiyu', '2002-05-20', '371209097', 'alfonso.hodgesgallegos@email.invalid', NULL, '2020-05-27 00:00:00', NULL),
(NULL, '32585214X', 1, 'Heidi', 'Simon Nichols', '$2y$10$hvALymDhxCnbWjlO5hkAl.aCsA9pSSVTcF4m/3cXfh7A/m8oFtiyu', '2000-09-29', '124114403', 'heidi.simonnichols@email.invalid', NULL, '2020-05-27 00:00:00', NULL),
(NULL, '62045803Z', 1, 'Uriel', 'Mathis Leonard', '$2y$10$hvALymDhxCnbWjlO5hkAl.aCsA9pSSVTcF4m/3cXfh7A/m8oFtiyu', '2001-02-28', '763398591', 'uriel.mathisleonard@email.invalid', NULL, '2020-05-27 00:00:00', NULL),
(NULL, '44043704S', 1, 'Kevin', 'Slater Bradley', '$2y$10$hvALymDhxCnbWjlO5hkAl.aCsA9pSSVTcF4m/3cXfh7A/m8oFtiyu', '2000-08-25', '676752936', 'kevin.slaterbradley@email.invalid', NULL, '2020-05-27 00:00:00', NULL),
(NULL, '36367913Z', 1, 'Wing', 'Hampton Horn', '$2y$10$hvALymDhxCnbWjlO5hkAl.aCsA9pSSVTcF4m/3cXfh7A/m8oFtiyu', '1996-02-21', '590115796', 'wing.hamptonhorn@email.invalid', NULL, '2020-05-27 00:00:00', NULL),
(NULL, '67424662R', 1, 'Cameran', 'Ballard Briggs', '$2y$10$hvALymDhxCnbWjlO5hkAl.aCsA9pSSVTcF4m/3cXfh7A/m8oFtiyu', '1994-12-23', '005957937', 'cameran.ballardbriggs@email.invalid', NULL, '2020-05-27 00:00:00', NULL),
(NULL, '12955546Z', 1, 'Amber', 'Bruce Bond', '$2y$10$hvALymDhxCnbWjlO5hkAl.aCsA9pSSVTcF4m/3cXfh7A/m8oFtiyu', '2003-10-28', '700691239', 'amber.brucebond@email.invalid', NULL, '2020-05-27 00:00:00', NULL),
(NULL, '38210281J', 1, 'Samson', 'Massey Sullivan', '$2y$10$hvALymDhxCnbWjlO5hkAl.aCsA9pSSVTcF4m/3cXfh7A/m8oFtiyu', '2004-09-27', '322064687', 'samson.masseysullivan@email.invalid', NULL, '2020-05-27 00:00:00', NULL),
(NULL, '29108908Q', 1, 'Callum', 'Holland Holder', '$2y$10$hvALymDhxCnbWjlO5hkAl.aCsA9pSSVTcF4m/3cXfh7A/m8oFtiyu', '1999-11-26', '761573324', 'callum.hollandholder@email.invalid', NULL, '2020-05-27 00:00:00', NULL),
(NULL, '40849471E', 1, 'Lionel', 'Golden Guerra', '$2y$10$hvALymDhxCnbWjlO5hkAl.aCsA9pSSVTcF4m/3cXfh7A/m8oFtiyu', '1993-06-17', '486002149', 'lionel.goldenguerra@email.invalid', NULL, '2020-05-27 00:00:00', NULL),
(NULL, '37068015L', 1, 'Neil', 'Lucas Dillon', '$2y$10$hvALymDhxCnbWjlO5hkAl.aCsA9pSSVTcF4m/3cXfh7A/m8oFtiyu', '2002-12-05', '944131313', 'neil.lucasdillon@email.invalid', NULL, '2020-05-27 00:00:00', NULL),
(NULL, '94004103K', 1, 'Jin', 'Lindsay Hurst', '$2y$10$hvALymDhxCnbWjlO5hkAl.aCsA9pSSVTcF4m/3cXfh7A/m8oFtiyu', '2000-06-18', '841554109', 'jin.lindsayhurst@email.invalid', NULL, '2020-05-27 00:00:00', NULL),
(NULL, '13430995F', 1, 'Alexa', 'Holman Woodard', '$2y$10$hvALymDhxCnbWjlO5hkAl.aCsA9pSSVTcF4m/3cXfh7A/m8oFtiyu', '1999-10-25', '364814432', 'alexa.holmanwoodard@email.invalid', NULL, '2020-05-27 00:00:00', NULL),
(NULL, '41009935S', 1, 'Naomi', 'Weaver Gomez', '$2y$10$hvALymDhxCnbWjlO5hkAl.aCsA9pSSVTcF4m/3cXfh7A/m8oFtiyu', '2000-09-29', '633026517', 'naomi.weavergomez@email.invalid', NULL, '2020-05-27 00:00:00', NULL),
(NULL, '34993899C', 1, 'Fay', 'Sawyer Hill', '$2y$10$hvALymDhxCnbWjlO5hkAl.aCsA9pSSVTcF4m/3cXfh7A/m8oFtiyu', '2001-01-19', '708197182', 'fay.sawyerhill@email.invalid', NULL, '2020-05-27 00:00:00', NULL),
(NULL, '34380227B', 1, 'Upton', 'Conway Thornton', '$2y$10$hvALymDhxCnbWjlO5hkAl.aCsA9pSSVTcF4m/3cXfh7A/m8oFtiyu', '1994-10-07', '026525261', 'upton.conwaythornton@email.invalid', NULL, '2020-05-27 00:00:00', NULL),
(NULL, '73959118L', 1, 'Allegra', 'Quinn Cruz', '$2y$10$hvALymDhxCnbWjlO5hkAl.aCsA9pSSVTcF4m/3cXfh7A/m8oFtiyu', '2001-07-27', '532231136', 'allegra.quinncruz@email.invalid', NULL, '2020-05-27 00:00:00', NULL),
(NULL, '07151138R', 1, 'Bell', 'Kirkland Adams', '$2y$10$hvALymDhxCnbWjlO5hkAl.aCsA9pSSVTcF4m/3cXfh7A/m8oFtiyu', '1999-10-04', '892073268', 'bell.kirklandadams@email.invalid', NULL, '2020-05-27 00:00:00', NULL),
(NULL, '72865558V', 1, 'Hanae', 'Ferguson Ingram', '$2y$10$hvALymDhxCnbWjlO5hkAl.aCsA9pSSVTcF4m/3cXfh7A/m8oFtiyu', '2005-04-17', '139763303', 'hanae.fergusoningram@email.invalid', NULL, '2020-05-27 00:00:00', NULL),
(NULL, '15439588X', 1, 'Neville', 'Bryan Baldwin', '$2y$10$hvALymDhxCnbWjlO5hkAl.aCsA9pSSVTcF4m/3cXfh7A/m8oFtiyu', '2005-09-28', '576637318', 'neville.bryanbaldwin@email.invalid', NULL, '2020-05-27 00:00:00', NULL),
(NULL, '03703076F', 1, 'Steel', 'Harrell Horn', '$2y$10$hvALymDhxCnbWjlO5hkAl.aCsA9pSSVTcF4m/3cXfh7A/m8oFtiyu', '2000-04-08', '645032606', 'steel.harrellhorn@email.invalid', NULL, '2020-05-27 00:00:00', NULL),
(NULL, '34308105V', 1, 'Justina', 'Frazier Berg', '$2y$10$hvALymDhxCnbWjlO5hkAl.aCsA9pSSVTcF4m/3cXfh7A/m8oFtiyu', '1994-06-25', '568724661', 'justina.frazierberg@email.invalid', NULL, '2020-05-27 00:00:00', NULL),
(NULL, '04702953M', 1, 'Xandra', 'Hayden Grimes', '$2y$10$hvALymDhxCnbWjlO5hkAl.aCsA9pSSVTcF4m/3cXfh7A/m8oFtiyu', '1995-07-07', '578114524', 'xandra.haydengrimes@email.invalid', NULL, '2020-05-27 00:00:00', NULL),
(NULL, '18638485K', 1, 'Rhiannon', 'Carpenter Rutledge', '$2y$10$hvALymDhxCnbWjlO5hkAl.aCsA9pSSVTcF4m/3cXfh7A/m8oFtiyu', '1998-03-14', '322777296', 'rhiannon.carpenterrutledge@email.invalid', NULL, '2020-05-27 00:00:00', NULL),
(NULL, '95860777C', 1, 'Daria', 'Moore Dudley', '$2y$10$hvALymDhxCnbWjlO5hkAl.aCsA9pSSVTcF4m/3cXfh7A/m8oFtiyu', '2002-09-23', '203997886', 'daria.mooredudley@email.invalid', NULL, '2020-05-27 00:00:00', NULL),
(NULL, '74391957K', 1, 'Shelby', 'Craft Goff', '$2y$10$hvALymDhxCnbWjlO5hkAl.aCsA9pSSVTcF4m/3cXfh7A/m8oFtiyu', '2005-10-06', '935786111', 'shelby.craftgoff@email.invalid', NULL, '2020-05-27 00:00:00', NULL),
(NULL, '55818762Q', 1, 'Mercedes', 'Moss Russo', '$2y$10$hvALymDhxCnbWjlO5hkAl.aCsA9pSSVTcF4m/3cXfh7A/m8oFtiyu', '2001-01-01', '449241195', 'mercedes.mossrusso@email.invalid', NULL, '2020-05-27 00:00:00', NULL),
(NULL, '01706578R', 1, 'Keane', 'Massey Zamora', '$2y$10$hvALymDhxCnbWjlO5hkAl.aCsA9pSSVTcF4m/3cXfh7A/m8oFtiyu', '1999-09-28', '099174611', 'keane.masseyzamora@email.invalid', NULL, '2020-05-27 00:00:00', NULL),
(NULL, '61956895R', 1, 'Pearl', 'Mays Kim', '$2y$10$hvALymDhxCnbWjlO5hkAl.aCsA9pSSVTcF4m/3cXfh7A/m8oFtiyu', '1999-08-27', '653765303', 'pearl.mayskim@email.invalid', NULL, '2020-05-27 00:00:00', NULL),
(NULL, '95745830G', 1, 'Louis', 'Yates Gay', '$2y$10$hvALymDhxCnbWjlO5hkAl.aCsA9pSSVTcF4m/3cXfh7A/m8oFtiyu', '2003-12-20', '412656659', 'louis.yatesgay@email.invalid', NULL, '2020-05-27 00:00:00', NULL),
(NULL, '35138990G', 1, 'Kamal', 'Harris Gould', '$2y$10$hvALymDhxCnbWjlO5hkAl.aCsA9pSSVTcF4m/3cXfh7A/m8oFtiyu', '2002-03-01', '356332932', 'kamal.harrisgould@email.invalid', NULL, '2020-05-27 00:00:00', NULL),
(NULL, '78860275Z', 1, 'Ebony', 'Fox Porter', '$2y$10$hvALymDhxCnbWjlO5hkAl.aCsA9pSSVTcF4m/3cXfh7A/m8oFtiyu', '1997-09-17', '376105824', 'ebony.foxporter@email.invalid', NULL, '2020-05-27 00:00:00', NULL),
(NULL, '29377124Y', 1, 'Xandra', 'Pittman Williams', '$2y$10$hvALymDhxCnbWjlO5hkAl.aCsA9pSSVTcF4m/3cXfh7A/m8oFtiyu', '1994-12-03', '049013626', 'xandra.pittmanwilliams@email.invalid', NULL, '2020-05-27 00:00:00', NULL),
(NULL, '87974064F', 1, 'Sopoline', 'Hanson Carpenter', '$2y$10$hvALymDhxCnbWjlO5hkAl.aCsA9pSSVTcF4m/3cXfh7A/m8oFtiyu', '2001-07-02', '049490469', 'sopoline.hansoncarpenter@email.invalid', NULL, '2020-05-27 00:00:00', NULL),
(NULL, '54767205L', 1, 'Neil', 'Hurley Perry', '$2y$10$hvALymDhxCnbWjlO5hkAl.aCsA9pSSVTcF4m/3cXfh7A/m8oFtiyu', '2004-07-29', '501163074', 'neil.hurleyperry@email.invalid', NULL, '2020-05-27 00:00:00', NULL),
(NULL, '87501711M', 1, 'Serena', 'Gilbert Potts', '$2y$10$hvALymDhxCnbWjlO5hkAl.aCsA9pSSVTcF4m/3cXfh7A/m8oFtiyu', '1995-12-30', '230706449', 'serena.gilbertpotts@email.invalid', NULL, '2020-05-27 00:00:00', NULL),
(NULL, '12672046N', 1, 'Blossom', 'Hutchinson Decker', '$2y$10$hvALymDhxCnbWjlO5hkAl.aCsA9pSSVTcF4m/3cXfh7A/m8oFtiyu', '1996-06-14', '054144217', 'blossom.hutchinsondecker@email.invalid', NULL, '2020-05-27 00:00:00', NULL);

/*
 * Asignaturas.
 */

INSERT INTO `gesi_asignaturas` (`id`, `nivel`, `curso_escolar`, `nombre_corto`, `nombre_completo`)
VALUES
(NULL, 1, 2019, 'E1FR', 'Francés ESO 1'),
(NULL, 2, 2019, 'E2FR', 'Francés ESO 2'),
(NULL, 3, 2019, 'E3FR', 'Francés ESO 3'),
(NULL, 4, 2019, 'E4FR', 'Francés ESO 4'),
(NULL, 5, 2019, 'B1FR', 'Francés Bach. 1'),
(NULL, 6, 2019, 'B2FR', 'Francés Bach. 2'),
(NULL, 1, 2019, 'E1IN', 'Inglés ESO 1'),
(NULL, 2, 2019, 'E2IN', 'Inglés ESO 2'),
(NULL, 3, 2019, 'E3IN', 'Inglés ESO 3'),
(NULL, 4, 2019, 'E4IN', 'Inglés ESO 4'),
(NULL, 5, 2019, 'B1IN', 'Inglés Bach. 1'),
(NULL, 6, 2019, 'B2IN', 'Inglés Bach. 2'),
(NULL, 1, 2019, 'E1AL', 'Alemán ESO 1'),
(NULL, 2, 2019, 'E2AL', 'Alemán ESO 2'),
(NULL, 3, 2019, 'E3AL', 'Alemán ESO 3'),
(NULL, 4, 2019, 'E4AL', 'Alemán ESO 4'),
(NULL, 5, 2019, 'B1AL', 'Alemán Bach. 1'),
(NULL, 6, 2019, 'B2AL', 'Alemán Bach. 2'),
(NULL, 1, 2019, 'E1GH', 'Geografía e Historia ESO 1'),
(NULL, 2, 2019, 'E2GH', 'Geografía e Historia ESO 2'),
(NULL, 3, 2019, 'E3GH', 'Geografía e Historia ESO 3'),
(NULL, 4, 2019, 'E4GH', 'Geografía e Historia ESO 4'),
(NULL, 5, 2019, 'B1GH', 'Geografía e Historia Bach. 1'),
(NULL, 6, 2019, 'B2GH', 'Geografía e Historia Bach. 2'),
(NULL, 1, 2019, 'E1EF', 'Educación Física ESO 1'),
(NULL, 2, 2019, 'E2EF', 'Educación Física ESO 2'),
(NULL, 3, 2019, 'E3EF', 'Educación Física ESO 3'),
(NULL, 4, 2019, 'E4EF', 'Educación Física ESO 4'),
(NULL, 1, 2019, 'E1BG', 'Biología y Geología ESO 1'),
(NULL, 2, 2019, 'E2BG', 'Biología y Geología ESO 2'),
(NULL, 3, 2019, 'E3BG', 'Biología y Geología ESO 3'),
(NULL, 4, 2019, 'E4BG', 'Biología y Geología ESO 4'),
(NULL, 1, 2019, 'E1MA', 'Matemáticas ESO 1'),
(NULL, 2, 2019, 'E2MA', 'Matemáticas ESO 2'),
(NULL, 3, 2019, 'E3MA', 'Matemáticas ESO 3'),
(NULL, 4, 2019, 'E4MA', 'Matemáticas ESO 4'),
(NULL, 3, 2019, 'E3FQ', 'Física y Química ESO 3'),
(NULL, 4, 2019, 'E4FQ', 'Física y Química ESO 4'),
(NULL, 5, 2019, 'B1FI', 'Filosofía Bach. 1'),
(NULL, 6, 2019, 'B2FI', 'Filosofía Bach. 2'),
(NULL, 5, 2019, 'B1TE', 'Tecnología Bach. 1'),
(NULL, 6, 2019, 'B2TE', 'Tecnología Bach. 2'),
(NULL, 5, 2019, 'B1DT', 'Dibujo Técnico Bach. 1'),
(NULL, 6, 2019, 'B2DT', 'Dibujo Técnico Bach. 2'),
(NULL, 5, 2019, 'B1GL', 'Griego y Latín Bach. 1'),
(NULL, 6, 2019, 'B2GL', 'Griego y Latín Bach. 2'),
(NULL, 5, 2019, 'B1MU', 'Música Bach. 1'),
(NULL, 6, 2019, 'B2MU', 'Música Bach. 2');
(NULL, 1, 2019, 'E1LC', 'Lengua castellana y Literatura ESO 1'),
(NULL, 2, 2019, 'E2LC', 'Lengua castellana y Literatura ESO 2'),
(NULL, 3, 2019, 'E3LC', 'Lengua castellana y Literatura ESO 3'),
(NULL, 4, 2019, 'E4LC', 'Lengua castellana y Literatura ESO 4'),
(NULL, 5, 2019, 'B1LC', 'Lengua castellana y Literatura Bach. 1'),
(NULL, 6, 2019, 'B2LC', 'Lengua castellana y Literatura Bach. 2'),

/*
 * Grupos.
 */

INSERT INTO `gesi_grupos` (`id`, `nivel`, `curso_escolar`, `nombre_corto`, `nombre_completo`, `tutor`)
VALUES
(NULL, 1, 2019, 'E1A', 'Grupo A ESO 1', 5),
(NULL, 2, 2019, 'E2A', 'Grupo A ESO 2', 26),
(NULL, 3, 2019, 'E3A', 'Grupo A ESO 3', 6),
(NULL, 4, 2019, 'E4A', 'Grupo A ESO 4', 27),
(NULL, 5, 2019, 'B1A', 'Grupo A Bach. 1', 11),
(NULL, 5, 2019, 'B1B', 'Grupo B Bach. 1', 14),
(NULL, 6, 2019, 'B1A', 'Grupo A Bach. 2', 16),
(NULL, 6, 2019, 'B1B', 'Grupo B Bach. 2', 18);

/*
 * Foros principales.
 */

INSERT INTO `gesi_foros` (`id`, `nombre`)
VALUES
(NULL, 'Foro Francés ESO 1 (Grupo A ESO 1)'),
(NULL, 'Foro Inglés ESO 1 (Grupo A ESO 1)'),
(NULL, 'Foro Alemán ESO 1 (Grupo A ESO 1)'),
(NULL, 'Foro Educación Física ESO 1 (Grupo A ESO 1)'),
(NULL, 'Foro Geografía e Historia ESO 1 (Grupo A ESO 1)'),
(NULL, 'Foro Biología y Geología ESO 1 (Grupo A ESO 1)'),
(NULL, 'Foro Matemáticas ESO 1 (Grupo A ESO 1)'),
(NULL, 'Foro Lengua castellana y Literatura ESO 1 (Grupo A ESO 1)'),
(NULL, 'Foro Francés ESO 2 (Grupo A ESO 2)'),
(NULL, 'Foro Inglés ESO 2 (Grupo A ESO 2)'),
(NULL, 'Foro Alemán ESO 2 (Grupo A ESO 2)'),
(NULL, 'Foro Educación Física ESO 2 (Grupo A ESO 2)'),
(NULL, 'Foro Geografía e Historia ESO 2 (Grupo A ESO 2)'),
(NULL, 'Foro Biología y Geología ESO 2 (Grupo A ESO 2)'),
(NULL, 'Foro Matemáticas ESO 2 (Grupo A ESO 2)'),
(NULL, 'Foro Lengua castellana y Literatura ESO 2 (Grupo A ESO 2)'),
(NULL, 'Foro Francés ESO 3 (Grupo A ESO 3)'),
(NULL, 'Foro Inglés ESO 3 (Grupo A ESO 3)'),
(NULL, 'Foro Alemán ESO 3 (Grupo A ESO 3)'),
(NULL, 'Foro Educación Física ESO 3 (Grupo A ESO 3)'),
(NULL, 'Foro Geografía e Historia ESO 3 (Grupo A ESO 3)'),
(NULL, 'Foro Biología y Geología ESO 3 (Grupo A ESO 3)'),
(NULL, 'Foro Matemáticas ESO 3 (Grupo A ESO 3)'),
(NULL, 'Foro Física y Química ESO 3 (Grupo A ESO 3)'),
(NULL, 'Foro Lengua castellana y Literatura ESO 3 (Grupo A ESO 3)'),
(NULL, 'Foro Francés ESO 4 (Grupo A ESO 4)'),
(NULL, 'Foro Inglés ESO 4 (Grupo A ESO 4)'),
(NULL, 'Foro Alemán ESO 4 (Grupo A ESO 4)'),
(NULL, 'Foro Educación Física ESO 4 (Grupo A ESO 4)'),
(NULL, 'Foro Geografía e Historia ESO 4 (Grupo A ESO 4)'),
(NULL, 'Foro Biología y Geología ESO 4 (Grupo A ESO 4)'),
(NULL, 'Foro Matemáticas ESO 4 (Grupo A ESO 4)'),
(NULL, 'Foro Física y Química ESO 4 (Grupo A ESO 4)'),
(NULL, 'Foro Lengua castellana y Literatura ESO 4 (Grupo A ESO 4)'),
(NULL, 'Foro Francés Bach. 1 (Grupo A Bach. 1)'),
(NULL, 'Foro Inglés Bach. 1 (Grupo A Bach. 1)'),
(NULL, 'Foro Alemán Bach. 1 (Grupo A Bach. 1)'),
(NULL, 'Foro Filosofía Bach. 1 (Grupo A Bach. 1)'),
(NULL, 'Foro Geografía e Historia Bach. 1 (Grupo A Bach. 1)'),
(NULL, 'Foro Tecnología Bach. 1 (Grupo A Bach. 1)'),
(NULL, 'Foro Dibujo Técnico Bach. 1 (Grupo A Bach. 1)'),
(NULL, 'Foro Lengua castellana y Literatura Bach. 1 (Grupo A Bach. 1)'),
(NULL, 'Foro Francés Bach. 1 (Grupo B Bach. 1)'),
(NULL, 'Foro Inglés Bach. 1 (Grupo B Bach. 1)'),
(NULL, 'Foro Alemán Bach. 1 (Grupo B Bach. 1)'),
(NULL, 'Foro Filosofía Bach. 1 (Grupo B Bach. 1)'),
(NULL, 'Foro Geografía e Historia Bach. 1 (Grupo B Bach. 1)'),
(NULL, 'Foro Griego y Latín Bach. 1 (Grupo B Bach. 1)'),
(NULL, 'Foro Música Bach. 1 (Grupo B Bach. 1)'),
(NULL, 'Foro Lengua castellana y Literatura Bach. 1 (Grupo B Bach. 1)'),
(NULL, 'Foro Francés Bach. 2 (Grupo A Bach. 2)'),
(NULL, 'Foro Inglés Bach. 2 (Grupo A Bach. 2)'),
(NULL, 'Foro Alemán Bach. 2 (Grupo A Bach. 2)'),
(NULL, 'Foro Filosofía Bach. 2 (Grupo A Bach. 2)'),
(NULL, 'Foro Geografía e Historia Bach. 2 (Grupo A Bach. 2)'),
(NULL, 'Foro Tecnología Bach. 2 (Grupo A Bach. 2)'),
(NULL, 'Foro Dibujo Técnico Bach. 2 (Grupo A Bach. 2)'),
(NULL, 'Foro Lengua castellana y Literatura Bach. 2 (Grupo A Bach. 2)'),
(NULL, 'Foro Francés Bach. 2 (Grupo B Bach. 2)'),
(NULL, 'Foro Inglés Bach. 2 (Grupo B Bach. 2)'),
(NULL, 'Foro Alemán Bach. 2 (Grupo B Bach. 2)'),
(NULL, 'Foro Filosofía Bach. 2 (Grupo B Bach. 2)'),
(NULL, 'Foro Geografía e Historia Bach. 2 (Grupo B Bach. 2)'),
(NULL, 'Foro Griego y Latín Bach. 2 (Grupo B Bach. 2)'),
(NULL, 'Foro Música Bach. 2 (Grupo B Bach. 2)'),
(NULL, 'Foro Lengua castellana y Literatura Bach. 2 (Grupo B Bach. 2)');

/*
 * Asignaciones.
 */

INSERT INTO `gesi_asignaciones` (`id`, `profesor`, `grupo`, `asignatura`, `horario`, `foro_principal`)
VALUES
/* Asignaciones de Grupo A ESO 1. */
(NULL, 5, 1, 1, 'L 00:00 00:00; M 00:00 00:00; X 00:00 00:00; J 00:00 00:00; V 00:00 00:00;', 1),
(NULL, 6, 1, 7, 'L 00:00 00:00; M 00:00 00:00; X 00:00 00:00; J 00:00 00:00; V 00:00 00:00;', 2),
(NULL, 7, 1, 13, 'L 00:00 00:00; M 00:00 00:00; X 00:00 00:00; J 00:00 00:00; V 00:00 00:00;', 3),
(NULL, 8, 1, 25, 'L 00:00 00:00; M 00:00 00:00; X 00:00 00:00; J 00:00 00:00; V 00:00 00:00;', 4),
(NULL, 9, 1, 19, 'L 00:00 00:00; M 00:00 00:00; X 00:00 00:00; J 00:00 00:00; V 00:00 00:00;', 5),
(NULL, 12, 1, 29, 'L 00:00 00:00; M 00:00 00:00; X 00:00 00:00; J 00:00 00:00; V 00:00 00:00;', 6),
(NULL, 15, 1, 33, 'L 00:00 00:00; M 00:00 00:00; X 00:00 00:00; J 00:00 00:00; V 00:00 00:00;', 7),
(NULL, 10, 1, 49, 'L 00:00 00:00; M 00:00 00:00; X 00:00 00:00; J 00:00 00:00; V 00:00 00:00;', 8),
/* Asignaciones de Grupo A ESO 2. */
(NULL, 26, 2, 2, 'L 00:00 00:00; M 00:00 00:00; X 00:00 00:00; J 00:00 00:00; V 00:00 00:00;', 9),
(NULL, 27, 2, 8, 'L 00:00 00:00; M 00:00 00:00; X 00:00 00:00; J 00:00 00:00; V 00:00 00:00;', 10),
(NULL, 28, 2, 14, 'L 00:00 00:00; M 00:00 00:00; X 00:00 00:00; J 00:00 00:00; V 00:00 00:00;', 11),
(NULL, 20, 2, 26, 'L 00:00 00:00; M 00:00 00:00; X 00:00 00:00; J 00:00 00:00; V 00:00 00:00;', 12),
(NULL, 21, 2, 20, 'L 00:00 00:00; M 00:00 00:00; X 00:00 00:00; J 00:00 00:00; V 00:00 00:00;', 13),
(NULL, 22, 2, 30, 'L 00:00 00:00; M 00:00 00:00; X 00:00 00:00; J 00:00 00:00; V 00:00 00:00;', 14),
(NULL, 23, 2, 34, 'L 00:00 00:00; M 00:00 00:00; X 00:00 00:00; J 00:00 00:00; V 00:00 00:00;', 15),
(NULL, 19, 2, 50, 'L 00:00 00:00; M 00:00 00:00; X 00:00 00:00; J 00:00 00:00; V 00:00 00:00;', 16),
/* Asignaciones de Grupo A ESO 3. */
(NULL, 5, 3, 3, 'L 00:00 00:00; M 00:00 00:00; X 00:00 00:00; J 00:00 00:00; V 00:00 00:00;', 17),
(NULL, 6, 3, 9, 'L 00:00 00:00; M 00:00 00:00; X 00:00 00:00; J 00:00 00:00; V 00:00 00:00;', 18),
(NULL, 7, 3, 15, 'L 00:00 00:00; M 00:00 00:00; X 00:00 00:00; J 00:00 00:00; V 00:00 00:00;', 19),
(NULL, 8, 3, 27, 'L 00:00 00:00; M 00:00 00:00; X 00:00 00:00; J 00:00 00:00; V 00:00 00:00;', 20),
(NULL, 9, 3, 21, 'L 00:00 00:00; M 00:00 00:00; X 00:00 00:00; J 00:00 00:00; V 00:00 00:00;', 21),
(NULL, 12, 3, 31, 'L 00:00 00:00; M 00:00 00:00; X 00:00 00:00; J 00:00 00:00; V 00:00 00:00;', 22),
(NULL, 15, 3, 35, 'L 00:00 00:00; M 00:00 00:00; X 00:00 00:00; J 00:00 00:00; V 00:00 00:00;', 23),
(NULL, 17, 3, 37, 'L 00:00 00:00; M 00:00 00:00; X 00:00 00:00; J 00:00 00:00; V 00:00 00:00;', 24),
(NULL, 10, 3, 51, 'L 00:00 00:00; M 00:00 00:00; X 00:00 00:00; J 00:00 00:00; V 00:00 00:00;', 25),
/* Asignaciones de Grupo A ESO 4. */
(NULL, 26, 4, 4, 'L 00:00 00:00; M 00:00 00:00; X 00:00 00:00; J 00:00 00:00; V 00:00 00:00;', 26),
(NULL, 27, 4, 10, 'L 00:00 00:00; M 00:00 00:00; X 00:00 00:00; J 00:00 00:00; V 00:00 00:00;', 27),
(NULL, 28, 4, 16, 'L 00:00 00:00; M 00:00 00:00; X 00:00 00:00; J 00:00 00:00; V 00:00 00:00;', 28),
(NULL, 20, 4, 28, 'L 00:00 00:00; M 00:00 00:00; X 00:00 00:00; J 00:00 00:00; V 00:00 00:00;', 29),
(NULL, 21, 4, 22, 'L 00:00 00:00; M 00:00 00:00; X 00:00 00:00; J 00:00 00:00; V 00:00 00:00;', 30),
(NULL, 22, 4, 32, 'L 00:00 00:00; M 00:00 00:00; X 00:00 00:00; J 00:00 00:00; V 00:00 00:00;', 31),
(NULL, 23, 4, 36, 'L 00:00 00:00; M 00:00 00:00; X 00:00 00:00; J 00:00 00:00; V 00:00 00:00;', 32),
(NULL, 24, 4, 38, 'L 00:00 00:00; M 00:00 00:00; X 00:00 00:00; J 00:00 00:00; V 00:00 00:00;', 33),
(NULL, 19, 4, 52, 'L 00:00 00:00; M 00:00 00:00; X 00:00 00:00; J 00:00 00:00; V 00:00 00:00;', 34),
/* Asignaciones de Grupo A Bach. 1. */
(NULL, 5, 5, 5, 'L 00:00 00:00; M 00:00 00:00; X 00:00 00:00; J 00:00 00:00; V 00:00 00:00;', 35),
(NULL, 6, 5, 11, 'L 00:00 00:00; M 00:00 00:00; X 00:00 00:00; J 00:00 00:00; V 00:00 00:00;', 36),
(NULL, 7, 5, 17, 'L 00:00 00:00; M 00:00 00:00; X 00:00 00:00; J 00:00 00:00; V 00:00 00:00;', 37),
(NULL, 13, 5, 39, 'L 00:00 00:00; M 00:00 00:00; X 00:00 00:00; J 00:00 00:00; V 00:00 00:00;', 38),
(NULL, 9, 5, 23, 'L 00:00 00:00; M 00:00 00:00; X 00:00 00:00; J 00:00 00:00; V 00:00 00:00;', 39),
(NULL, 11, 5, 41, 'L 00:00 00:00; M 00:00 00:00; X 00:00 00:00; J 00:00 00:00; V 00:00 00:00;', 40),
(NULL, 14, 5, 43, 'L 00:00 00:00; M 00:00 00:00; X 00:00 00:00; J 00:00 00:00; V 00:00 00:00;', 41),
(NULL, 10, 5, 53, 'L 00:00 00:00; M 00:00 00:00; X 00:00 00:00; J 00:00 00:00; V 00:00 00:00;', 42),
/* Asignaciones de Grupo B Bach. 1. */
(NULL, 5, 6, 5, 'L 00:00 00:00; M 00:00 00:00; X 00:00 00:00; J 00:00 00:00; V 00:00 00:00;', 43),
(NULL, 6, 6, 11, 'L 00:00 00:00; M 00:00 00:00; X 00:00 00:00; J 00:00 00:00; V 00:00 00:00;', 44),
(NULL, 7, 6, 17, 'L 00:00 00:00; M 00:00 00:00; X 00:00 00:00; J 00:00 00:00; V 00:00 00:00;', 45),
(NULL, 13, 6, 39, 'L 00:00 00:00; M 00:00 00:00; X 00:00 00:00; J 00:00 00:00; V 00:00 00:00;', 46),
(NULL, 9, 6, 23, 'L 00:00 00:00; M 00:00 00:00; X 00:00 00:00; J 00:00 00:00; V 00:00 00:00;', 47),
(NULL, 16, 6, 45, 'L 00:00 00:00; M 00:00 00:00; X 00:00 00:00; J 00:00 00:00; V 00:00 00:00;', 48),
(NULL, 18, 6, 47, 'L 00:00 00:00; M 00:00 00:00; X 00:00 00:00; J 00:00 00:00; V 00:00 00:00;', 49),
(NULL, 10, 6, 53, 'L 00:00 00:00; M 00:00 00:00; X 00:00 00:00; J 00:00 00:00; V 00:00 00:00;', 50),
/* Asignaciones de Grupo A Bach. 2. */
(NULL, 26, 7, 6, 'L 00:00 00:00; M 00:00 00:00; X 00:00 00:00; J 00:00 00:00; V 00:00 00:00;', 51),
(NULL, 27, 7, 12, 'L 00:00 00:00; M 00:00 00:00; X 00:00 00:00; J 00:00 00:00; V 00:00 00:00;', 52),
(NULL, 28, 7, 18, 'L 00:00 00:00; M 00:00 00:00; X 00:00 00:00; J 00:00 00:00; V 00:00 00:00;', 53),
(NULL, 25, 7, 40, 'L 00:00 00:00; M 00:00 00:00; X 00:00 00:00; J 00:00 00:00; V 00:00 00:00;', 54),
(NULL, 21, 7, 24, 'L 00:00 00:00; M 00:00 00:00; X 00:00 00:00; J 00:00 00:00; V 00:00 00:00;', 55),
(NULL, 11, 7, 42, 'L 00:00 00:00; M 00:00 00:00; X 00:00 00:00; J 00:00 00:00; V 00:00 00:00;', 56),
(NULL, 14, 7, 44, 'L 00:00 00:00; M 00:00 00:00; X 00:00 00:00; J 00:00 00:00; V 00:00 00:00;', 57),
(NULL, 19, 7, 54, 'L 00:00 00:00; M 00:00 00:00; X 00:00 00:00; J 00:00 00:00; V 00:00 00:00;', 58),
/* Asignaciones de Grupo B Bach. 2. */
(NULL, 26, 8, 6, 'L 00:00 00:00; M 00:00 00:00; X 00:00 00:00; J 00:00 00:00; V 00:00 00:00;', 59),
(NULL, 27, 8, 12, 'L 00:00 00:00; M 00:00 00:00; X 00:00 00:00; J 00:00 00:00; V 00:00 00:00;', 60),
(NULL, 28, 8, 18, 'L 00:00 00:00; M 00:00 00:00; X 00:00 00:00; J 00:00 00:00; V 00:00 00:00;', 61),
(NULL, 25, 8, 40, 'L 00:00 00:00; M 00:00 00:00; X 00:00 00:00; J 00:00 00:00; V 00:00 00:00;', 62),
(NULL, 21, 8, 24, 'L 00:00 00:00; M 00:00 00:00; X 00:00 00:00; J 00:00 00:00; V 00:00 00:00;', 63),
(NULL, 16, 8, 46, 'L 00:00 00:00; M 00:00 00:00; X 00:00 00:00; J 00:00 00:00; V 00:00 00:00;', 64),
(NULL, 18, 8, 48, 'L 00:00 00:00; M 00:00 00:00; X 00:00 00:00; J 00:00 00:00; V 00:00 00:00;', 65),
(NULL, 19, 8, 54, 'L 00:00 00:00; M 00:00 00:00; X 00:00 00:00; J 00:00 00:00; V 00:00 00:00;', 66);

/*
 * Mensajes en foros.
 *
 * Un mensaje inicial por cada foro, de parte de cada profesor de la asignación.
 */

INSERT INTO `gesi_mensajes_foros` (`id`, `foro`, `padre`, `usuario`, `fecha`, `contenido`)
VALUES
(NULL, 1, NULL, 5, '2019-09-10 12:01:23', '¡Hola!\nOs doy la bienvenida al foro de Francés ESO 1 (Grupo A ESO 1).\nAquí pondré los recursos de la asignatura.\n¡Ánimo!'),
(NULL, 2, NULL, 6, '2019-09-06 12:37:21', '¡Hola!\nOs doy la bienvenida al foro de Inglés ESO 1 (Grupo A ESO 1).\nAquí pondré los recursos de la asignatura.\n¡Ánimo!'),
(NULL, 3, NULL, 7, '2019-09-03 20:23:16', '¡Hola!\nOs doy la bienvenida al foro de Alemán ESO 1 (Grupo A ESO 1).\nAquí pondré los recursos de la asignatura.\n¡Ánimo!'),
(NULL, 4, NULL, 8, '2019-09-16 04:03:02', '¡Hola!\nOs doy la bienvenida al foro de Educación Física ESO 1 (Grupo A ESO 1).\nAquí pondré los recursos de la asignatura.\n¡Ánimo!'),
(NULL, 5, NULL, 9, '2019-09-16 17:57:49', '¡Hola!\nOs doy la bienvenida al foro de Geografía e Historia ESO 1 (Grupo A ESO 1).\nAquí pondré los recursos de la asignatura.\n¡Ánimo!'),
(NULL, 6, NULL, 12, '2019-09-21 04:45:45', '¡Hola!\nOs doy la bienvenida al foro de Biología y Geología ESO 1 (Grupo A ESO 1).\nAquí pondré los recursos de la asignatura.\n¡Ánimo!'),
(NULL, 7, NULL, 15, '2019-09-10 02:03:05', '¡Hola!\nOs doy la bienvenida al foro de Matemáticas ESO 1 (Grupo A ESO 1).\nAquí pondré los recursos de la asignatura.\n¡Ánimo!'),
(NULL, 8, NULL, 10, '2019-09-14 04:34:33', '¡Hola!\nOs doy la bienvenida al foro de Lengua castellana y Literatura ESO 1 (Grupo A ESO 1).\nAquí pondré los recursos de la asignatura.\n¡Ánimo!'),
(NULL, 9, NULL, 26, '2019-09-07 11:29:51', '¡Hola!\nOs doy la bienvenida al foro de Francés ESO 2 (Grupo A ESO 2).\nAquí pondré los recursos de la asignatura.\n¡Ánimo!'),
(NULL, 10, NULL, 27, '2019-09-08 01:53:52', '¡Hola!\nOs doy la bienvenida al foro de Inglés ESO 2 (Grupo A ESO 2).\nAquí pondré los recursos de la asignatura.\n¡Ánimo!'),
(NULL, 11, NULL, 28, '2019-09-06 16:04:09', '¡Hola!\nOs doy la bienvenida al foro de Alemán ESO 2 (Grupo A ESO 2).\nAquí pondré los recursos de la asignatura.\n¡Ánimo!'),
(NULL, 12, NULL, 20, '2019-09-12 03:10:26', '¡Hola!\nOs doy la bienvenida al foro de Educación Física ESO 2 (Grupo A ESO 2).\nAquí pondré los recursos de la asignatura.\n¡Ánimo!'),
(NULL, 13, NULL, 21, '2019-09-02 12:02:33', '¡Hola!\nOs doy la bienvenida al foro de Geografía e Historia ESO 2 (Grupo A ESO 2).\nAquí pondré los recursos de la asignatura.\n¡Ánimo!'),
(NULL, 14, NULL, 22, '2019-09-10 00:32:47', '¡Hola!\nOs doy la bienvenida al foro de Biología y Geología ESO 2 (Grupo A ESO 2).\nAquí pondré los recursos de la asignatura.\n¡Ánimo!'),
(NULL, 15, NULL, 23, '2019-09-29 09:27:37', '¡Hola!\nOs doy la bienvenida al foro de Matemáticas ESO 2 (Grupo A ESO 2).\nAquí pondré los recursos de la asignatura.\n¡Ánimo!'),
(NULL, 16, NULL, 19, '2019-09-12 16:16:11', '¡Hola!\nOs doy la bienvenida al foro de Lengua castellana y Literatura ESO 2 (Grupo A ESO 2).\nAquí pondré los recursos de la asignatura.\n¡Ánimo!'),
(NULL, 17, NULL, 5, '2019-09-22 09:59:01', '¡Hola!\nOs doy la bienvenida al foro de Francés ESO 3 (Grupo A ESO 3).\nAquí pondré los recursos de la asignatura.\n¡Ánimo!'),
(NULL, 18, NULL, 6, '2019-09-21 15:48:45', '¡Hola!\nOs doy la bienvenida al foro de Inglés ESO 3 (Grupo A ESO 3).\nAquí pondré los recursos de la asignatura.\n¡Ánimo!'),
(NULL, 19, NULL, 7, '2019-09-28 05:35:31', '¡Hola!\nOs doy la bienvenida al foro de Alemán ESO 3 (Grupo A ESO 3).\nAquí pondré los recursos de la asignatura.\n¡Ánimo!'),
(NULL, 20, NULL, 8, '2019-09-19 12:21:00', '¡Hola!\nOs doy la bienvenida al foro de Educación Física ESO 3 (Grupo A ESO 3).\nAquí pondré los recursos de la asignatura.\n¡Ánimo!'),
(NULL, 21, NULL, 9, '2019-09-16 18:49:49', '¡Hola!\nOs doy la bienvenida al foro de Geografía e Historia ESO 3 (Grupo A ESO 3).\nAquí pondré los recursos de la asignatura.\n¡Ánimo!'),
(NULL, 22, NULL, 12, '2019-09-27 02:59:21', '¡Hola!\nOs doy la bienvenida al foro de Biología y Geología ESO 3 (Grupo A ESO 3).\nAquí pondré los recursos de la asignatura.\n¡Ánimo!'),
(NULL, 23, NULL, 15, '2019-09-03 06:37:48', '¡Hola!\nOs doy la bienvenida al foro de Matemáticas ESO 3 (Grupo A ESO 3).\nAquí pondré los recursos de la asignatura.\n¡Ánimo!'),
(NULL, 24, NULL, 17, '2019-09-25 22:33:46', '¡Hola!\nOs doy la bienvenida al foro de Física y Química ESO 3 (Grupo A ESO 3).\nAquí pondré los recursos de la asignatura.\n¡Ánimo!'),
(NULL, 25, NULL, 10, '2019-09-22 14:25:53', '¡Hola!\nOs doy la bienvenida al foro de Lengua castellana y Literatura ESO 3 (Grupo A ESO 3).\nAquí pondré los recursos de la asignatura.\n¡Ánimo!'),
(NULL, 26, NULL, 26, '2019-09-26 16:29:29', '¡Hola!\nOs doy la bienvenida al foro de Francés ESO 4 (Grupo A ESO 4).\nAquí pondré los recursos de la asignatura.\n¡Ánimo!'),
(NULL, 27, NULL, 27, '2019-09-26 15:34:13', '¡Hola!\nOs doy la bienvenida al foro de Inglés ESO 4 (Grupo A ESO 4).\nAquí pondré los recursos de la asignatura.\n¡Ánimo!'),
(NULL, 28, NULL, 28, '2019-09-10 13:11:26', '¡Hola!\nOs doy la bienvenida al foro de Alemán ESO 4 (Grupo A ESO 4).\nAquí pondré los recursos de la asignatura.\n¡Ánimo!'),
(NULL, 29, NULL, 20, '2019-09-05 09:34:27', '¡Hola!\nOs doy la bienvenida al foro de Educación Física ESO 4 (Grupo A ESO 4).\nAquí pondré los recursos de la asignatura.\n¡Ánimo!'),
(NULL, 30, NULL, 21, '2019-09-21 07:29:30', '¡Hola!\nOs doy la bienvenida al foro de Geografía e Historia ESO 4 (Grupo A ESO 4).\nAquí pondré los recursos de la asignatura.\n¡Ánimo!'),
(NULL, 31, NULL, 22, '2019-09-12 22:22:33', '¡Hola!\nOs doy la bienvenida al foro de Biología y Geología ESO 4 (Grupo A ESO 4).\nAquí pondré los recursos de la asignatura.\n¡Ánimo!'),
(NULL, 32, NULL, 23, '2019-09-01 17:31:56', '¡Hola!\nOs doy la bienvenida al foro de Matemáticas ESO 4 (Grupo A ESO 4).\nAquí pondré los recursos de la asignatura.\n¡Ánimo!'),
(NULL, 33, NULL, 24, '2019-09-15 19:29:50', '¡Hola!\nOs doy la bienvenida al foro de Física y Química ESO 4 (Grupo A ESO 4).\nAquí pondré los recursos de la asignatura.\n¡Ánimo!'),
(NULL, 34, NULL, 19, '2019-09-27 05:54:10', '¡Hola!\nOs doy la bienvenida al foro de Lengua castellana y Literatura ESO 4 (Grupo A ESO 4).\nAquí pondré los recursos de la asignatura.\n¡Ánimo!'),
(NULL, 35, NULL, 5, '2019-09-23 06:38:47', '¡Hola!\nOs doy la bienvenida al foro de Francés Bach. 1 (Grupo A Bach. 1).\nAquí pondré los recursos de la asignatura.\n¡Ánimo!'),
(NULL, 36, NULL, 6, '2019-09-18 01:03:11', '¡Hola!\nOs doy la bienvenida al foro de Inglés Bach. 1 (Grupo A Bach. 1).\nAquí pondré los recursos de la asignatura.\n¡Ánimo!'),
(NULL, 37, NULL, 7, '2019-09-04 09:06:54', '¡Hola!\nOs doy la bienvenida al foro de Alemán Bach. 1 (Grupo A Bach. 1).\nAquí pondré los recursos de la asignatura.\n¡Ánimo!'),
(NULL, 38, NULL, 13, '2019-09-11 18:06:37', '¡Hola!\nOs doy la bienvenida al foro de Filosofía Bach. 1 (Grupo A Bach. 1).\nAquí pondré los recursos de la asignatura.\n¡Ánimo!'),
(NULL, 39, NULL, 9, '2019-09-27 02:53:42', '¡Hola!\nOs doy la bienvenida al foro de Geografía e Historia Bach. 1 (Grupo A Bach. 1).\nAquí pondré los recursos de la asignatura.\n¡Ánimo!'),
(NULL, 40, NULL, 11, '2019-09-11 05:55:49', '¡Hola!\nOs doy la bienvenida al foro de Tecnología Bach. 1 (Grupo A Bach. 1).\nAquí pondré los recursos de la asignatura.\n¡Ánimo!'),
(NULL, 41, NULL, 14, '2019-09-15 02:06:34', '¡Hola!\nOs doy la bienvenida al foro de Dibujo Técnico Bach. 1 (Grupo A Bach. 1).\nAquí pondré los recursos de la asignatura.\n¡Ánimo!'),
(NULL, 42, NULL, 10, '2019-09-20 12:12:40', '¡Hola!\nOs doy la bienvenida al foro de Lengua castellana y Literatura Bach. 1 (Grupo A Bach. 1).\nAquí pondré los recursos de la asignatura.\n¡Ánimo!'),
(NULL, 43, NULL, 5, '2019-09-28 23:53:11', '¡Hola!\nOs doy la bienvenida al foro de Francés Bach. 1 (Grupo B Bach. 1).\nAquí pondré los recursos de la asignatura.\n¡Ánimo!'),
(NULL, 44, NULL, 6, '2019-09-21 14:56:20', '¡Hola!\nOs doy la bienvenida al foro de Inglés Bach. 1 (Grupo B Bach. 1).\nAquí pondré los recursos de la asignatura.\n¡Ánimo!'),
(NULL, 45, NULL, 7, '2019-09-06 10:54:51', '¡Hola!\nOs doy la bienvenida al foro de Alemán Bach. 1 (Grupo B Bach. 1).\nAquí pondré los recursos de la asignatura.\n¡Ánimo!'),
(NULL, 46, NULL, 13, '2019-09-20 02:04:57', '¡Hola!\nOs doy la bienvenida al foro de Filosofía Bach. 1 (Grupo B Bach. 1).\nAquí pondré los recursos de la asignatura.\n¡Ánimo!'),
(NULL, 47, NULL, 9, '2019-09-20 18:52:07', '¡Hola!\nOs doy la bienvenida al foro de Geografía e Historia Bach. 1 (Grupo B Bach. 1).\nAquí pondré los recursos de la asignatura.\n¡Ánimo!'),
(NULL, 48, NULL, 16, '2019-09-06 17:51:13', '¡Hola!\nOs doy la bienvenida al foro de Griego y Latín Bach. 1 (Grupo B Bach. 1).\nAquí pondré los recursos de la asignatura.\n¡Ánimo!'),
(NULL, 49, NULL, 18, '2019-09-12 00:34:30', '¡Hola!\nOs doy la bienvenida al foro de Música Bach. 1 (Grupo B Bach. 1).\nAquí pondré los recursos de la asignatura.\n¡Ánimo!'),
(NULL, 50, NULL, 10, '2019-09-17 21:14:48', '¡Hola!\nOs doy la bienvenida al foro de Lengua castellana y Literatura Bach. 1 (Grupo B Bach. 1).\nAquí pondré los recursos de la asignatura.\n¡Ánimo!'),
(NULL, 51, NULL, 26, '2019-09-28 02:59:47', '¡Hola!\nOs doy la bienvenida al foro de Francés Bach. 2 (Grupo A Bach. 2).\nAquí pondré los recursos de la asignatura.\n¡Ánimo!'),
(NULL, 52, NULL, 27, '2019-09-06 13:00:28', '¡Hola!\nOs doy la bienvenida al foro de Inglés Bach. 2 (Grupo A Bach. 2).\nAquí pondré los recursos de la asignatura.\n¡Ánimo!'),
(NULL, 53, NULL, 28, '2019-09-15 02:59:56', '¡Hola!\nOs doy la bienvenida al foro de Alemán Bach. 2 (Grupo A Bach. 2).\nAquí pondré los recursos de la asignatura.\n¡Ánimo!'),
(NULL, 54, NULL, 25, '2019-09-28 08:14:51', '¡Hola!\nOs doy la bienvenida al foro de Filosofía Bach. 2 (Grupo A Bach. 2).\nAquí pondré los recursos de la asignatura.\n¡Ánimo!'),
(NULL, 55, NULL, 21, '2019-09-05 08:15:28', '¡Hola!\nOs doy la bienvenida al foro de Geografía e Historia Bach. 2 (Grupo A Bach. 2).\nAquí pondré los recursos de la asignatura.\n¡Ánimo!'),
(NULL, 56, NULL, 11, '2019-09-21 08:57:09', '¡Hola!\nOs doy la bienvenida al foro de Tecnología Bach. 2 (Grupo A Bach. 2).\nAquí pondré los recursos de la asignatura.\n¡Ánimo!'),
(NULL, 57, NULL, 14, '2019-09-05 08:36:43', '¡Hola!\nOs doy la bienvenida al foro de Dibujo Técnico Bach. 2 (Grupo A Bach. 2).\nAquí pondré los recursos de la asignatura.\n¡Ánimo!'),
(NULL, 58, NULL, 19, '2019-09-23 00:01:35', '¡Hola!\nOs doy la bienvenida al foro de Lengua castellana y Literatura Bach. 2 (Grupo A Bach. 2).\nAquí pondré los recursos de la asignatura.\n¡Ánimo!'),
(NULL, 59, NULL, 26, '2019-09-29 13:32:45', '¡Hola!\nOs doy la bienvenida al foro de Francés Bach. 2 (Grupo B Bach. 2).\nAquí pondré los recursos de la asignatura.\n¡Ánimo!'),
(NULL, 60, NULL, 27, '2019-09-03 09:15:21', '¡Hola!\nOs doy la bienvenida al foro de Inglés Bach. 2 (Grupo B Bach. 2).\nAquí pondré los recursos de la asignatura.\n¡Ánimo!'),
(NULL, 61, NULL, 28, '2019-09-12 11:43:10', '¡Hola!\nOs doy la bienvenida al foro de Alemán Bach. 2 (Grupo B Bach. 2).\nAquí pondré los recursos de la asignatura.\n¡Ánimo!'),
(NULL, 62, NULL, 25, '2019-09-05 22:40:50', '¡Hola!\nOs doy la bienvenida al foro de Filosofía Bach. 2 (Grupo B Bach. 2).\nAquí pondré los recursos de la asignatura.\n¡Ánimo!'),
(NULL, 63, NULL, 21, '2019-09-12 00:00:45', '¡Hola!\nOs doy la bienvenida al foro de Geografía e Historia Bach. 2 (Grupo B Bach. 2).\nAquí pondré los recursos de la asignatura.\n¡Ánimo!'),
(NULL, 64, NULL, 16, '2019-09-11 20:24:26', '¡Hola!\nOs doy la bienvenida al foro de Griego y Latín Bach. 2 (Grupo B Bach. 2).\nAquí pondré los recursos de la asignatura.\n¡Ánimo!'),
(NULL, 65, NULL, 18, '2019-09-15 14:53:23', '¡Hola!\nOs doy la bienvenida al foro de Música Bach. 2 (Grupo B Bach. 2).\nAquí pondré los recursos de la asignatura.\n¡Ánimo!'),
(NULL, 66, NULL, 19, '2019-09-14 00:53:49', '¡Hola!\nOs doy la bienvenida al foro de Lengua castellana y Literatura Bach. 2 (Grupo B Bach. 2).\nAquí pondré los recursos de la asignatura.\n¡Ánimo!');

/*
 * Eventos.
 */

INSERT INTO `gesi_eventos` (`id`, `fecha`, `nombre`, `descripcion`, `lugar`, `asignatura`, `asignacion`)
VALUES
(NULL, '2019-09-10 12:01:23', 'Bienvenida a la asignatura de Francés ESO 1 (Grupo A ESO 1)', 'Los profesores os damos la bienvenida a la asignatura y os presentamos cómo la desarrollaremos.', 'Aula del grupo', NULL, 1),
(NULL, '2019-09-06 12:37:21', 'Bienvenida a la asignatura de Inglés ESO 1 (Grupo A ESO 1)', 'Los profesores os damos la bienvenida a la asignatura y os presentamos cómo la desarrollaremos.', 'Aula del grupo', NULL, 2),
(NULL, '2019-09-03 20:23:16', 'Bienvenida a la asignatura de Alemán ESO 1 (Grupo A ESO 1)', 'Los profesores os damos la bienvenida a la asignatura y os presentamos cómo la desarrollaremos.', 'Aula del grupo', NULL, 3),
(NULL, '2019-09-16 04:03:02', 'Bienvenida a la asignatura de Educación Física ESO 1 (Grupo A ESO 1)', 'Los profesores os damos la bienvenida a la asignatura y os presentamos cómo la desarrollaremos.', 'Aula del grupo', NULL, 4),
(NULL, '2019-09-16 17:57:49', 'Bienvenida a la asignatura de Geografía e Historia ESO 1 (Grupo A ESO 1)', 'Los profesores os damos la bienvenida a la asignatura y os presentamos cómo la desarrollaremos.', 'Aula del grupo', NULL, 5),
(NULL, '2019-09-21 04:45:45', 'Bienvenida a la asignatura de Biología y Geología ESO 1 (Grupo A ESO 1)', 'Los profesores os damos la bienvenida a la asignatura y os presentamos cómo la desarrollaremos.', 'Aula del grupo', NULL, 6),
(NULL, '2019-09-10 02:03:05', 'Bienvenida a la asignatura de Matemáticas ESO 1 (Grupo A ESO 1)', 'Los profesores os damos la bienvenida a la asignatura y os presentamos cómo la desarrollaremos.', 'Aula del grupo', NULL, 7),
(NULL, '2019-09-14 04:34:33', 'Bienvenida a la asignatura de Lengua castellana y Literatura ESO 1 (Grupo A ESO 1)', 'Los profesores os damos la bienvenida a la asignatura y os presentamos cómo la desarrollaremos.', 'Aula del grupo', NULL, 8),
(NULL, '2019-09-07 11:29:51', 'Bienvenida a la asignatura de Francés ESO 2 (Grupo A ESO 2)', 'Los profesores os damos la bienvenida a la asignatura y os presentamos cómo la desarrollaremos.', 'Aula del grupo', NULL, 9),
(NULL, '2019-09-08 01:53:52', 'Bienvenida a la asignatura de Inglés ESO 2 (Grupo A ESO 2)', 'Los profesores os damos la bienvenida a la asignatura y os presentamos cómo la desarrollaremos.', 'Aula del grupo', NULL, 10),
(NULL, '2019-09-06 16:04:09', 'Bienvenida a la asignatura de Alemán ESO 2 (Grupo A ESO 2)', 'Los profesores os damos la bienvenida a la asignatura y os presentamos cómo la desarrollaremos.', 'Aula del grupo', NULL, 11),
(NULL, '2019-09-12 03:10:26', 'Bienvenida a la asignatura de Educación Física ESO 2 (Grupo A ESO 2)', 'Los profesores os damos la bienvenida a la asignatura y os presentamos cómo la desarrollaremos.', 'Aula del grupo', NULL, 12),
(NULL, '2019-09-02 12:02:33', 'Bienvenida a la asignatura de Geografía e Historia ESO 2 (Grupo A ESO 2)', 'Los profesores os damos la bienvenida a la asignatura y os presentamos cómo la desarrollaremos.', 'Aula del grupo', NULL, 13),
(NULL, '2019-09-10 00:32:47', 'Bienvenida a la asignatura de Biología y Geología ESO 2 (Grupo A ESO 2)', 'Los profesores os damos la bienvenida a la asignatura y os presentamos cómo la desarrollaremos.', 'Aula del grupo', NULL, 14),
(NULL, '2019-09-29 09:27:37', 'Bienvenida a la asignatura de Matemáticas ESO 2 (Grupo A ESO 2)', 'Los profesores os damos la bienvenida a la asignatura y os presentamos cómo la desarrollaremos.', 'Aula del grupo', NULL, 15),
(NULL, '2019-09-12 16:16:11', 'Bienvenida a la asignatura de Lengua castellana y Literatura ESO 2 (Grupo A ESO 2)', 'Los profesores os damos la bienvenida a la asignatura y os presentamos cómo la desarrollaremos.', 'Aula del grupo', NULL, 16),
(NULL, '2019-09-22 09:59:01', 'Bienvenida a la asignatura de Francés ESO 3 (Grupo A ESO 3)', 'Los profesores os damos la bienvenida a la asignatura y os presentamos cómo la desarrollaremos.', 'Aula del grupo', NULL, 17),
(NULL, '2019-09-21 15:48:45', 'Bienvenida a la asignatura de Inglés ESO 3 (Grupo A ESO 3)', 'Los profesores os damos la bienvenida a la asignatura y os presentamos cómo la desarrollaremos.', 'Aula del grupo', NULL, 18),
(NULL, '2019-09-28 05:35:31', 'Bienvenida a la asignatura de Alemán ESO 3 (Grupo A ESO 3)', 'Los profesores os damos la bienvenida a la asignatura y os presentamos cómo la desarrollaremos.', 'Aula del grupo', NULL, 19),
(NULL, '2019-09-19 12:21:00', 'Bienvenida a la asignatura de Educación Física ESO 3 (Grupo A ESO 3)', 'Los profesores os damos la bienvenida a la asignatura y os presentamos cómo la desarrollaremos.', 'Aula del grupo', NULL, 20),
(NULL, '2019-09-16 18:49:49', 'Bienvenida a la asignatura de Geografía e Historia ESO 3 (Grupo A ESO 3)', 'Los profesores os damos la bienvenida a la asignatura y os presentamos cómo la desarrollaremos.', 'Aula del grupo', NULL, 21),
(NULL, '2019-09-27 02:59:21', 'Bienvenida a la asignatura de Biología y Geología ESO 3 (Grupo A ESO 3)', 'Los profesores os damos la bienvenida a la asignatura y os presentamos cómo la desarrollaremos.', 'Aula del grupo', NULL, 22),
(NULL, '2019-09-03 06:37:48', 'Bienvenida a la asignatura de Matemáticas ESO 3 (Grupo A ESO 3)', 'Los profesores os damos la bienvenida a la asignatura y os presentamos cómo la desarrollaremos.', 'Aula del grupo', NULL, 23),
(NULL, '2019-09-25 22:33:46', 'Bienvenida a la asignatura de Física y Química ESO 3 (Grupo A ESO 3)', 'Los profesores os damos la bienvenida a la asignatura y os presentamos cómo la desarrollaremos.', 'Aula del grupo', NULL, 24),
(NULL, '2019-09-22 14:25:53', 'Bienvenida a la asignatura de Lengua castellana y Literatura ESO 3 (Grupo A ESO 3)', 'Los profesores os damos la bienvenida a la asignatura y os presentamos cómo la desarrollaremos.', 'Aula del grupo', NULL, 25),
(NULL, '2019-09-26 16:29:29', 'Bienvenida a la asignatura de Francés ESO 4 (Grupo A ESO 4)', 'Los profesores os damos la bienvenida a la asignatura y os presentamos cómo la desarrollaremos.', 'Aula del grupo', NULL, 26),
(NULL, '2019-09-26 15:34:13', 'Bienvenida a la asignatura de Inglés ESO 4 (Grupo A ESO 4)', 'Los profesores os damos la bienvenida a la asignatura y os presentamos cómo la desarrollaremos.', 'Aula del grupo', NULL, 27),
(NULL, '2019-09-10 13:11:26', 'Bienvenida a la asignatura de Alemán ESO 4 (Grupo A ESO 4)', 'Los profesores os damos la bienvenida a la asignatura y os presentamos cómo la desarrollaremos.', 'Aula del grupo', NULL, 28),
(NULL, '2019-09-05 09:34:27', 'Bienvenida a la asignatura de Educación Física ESO 4 (Grupo A ESO 4)', 'Los profesores os damos la bienvenida a la asignatura y os presentamos cómo la desarrollaremos.', 'Aula del grupo', NULL, 29),
(NULL, '2019-09-21 07:29:30', 'Bienvenida a la asignatura de Geografía e Historia ESO 4 (Grupo A ESO 4)', 'Los profesores os damos la bienvenida a la asignatura y os presentamos cómo la desarrollaremos.', 'Aula del grupo', NULL, 30),
(NULL, '2019-09-12 22:22:33', 'Bienvenida a la asignatura de Biología y Geología ESO 4 (Grupo A ESO 4)', 'Los profesores os damos la bienvenida a la asignatura y os presentamos cómo la desarrollaremos.', 'Aula del grupo', NULL, 31),
(NULL, '2019-09-01 17:31:56', 'Bienvenida a la asignatura de Matemáticas ESO 4 (Grupo A ESO 4)', 'Los profesores os damos la bienvenida a la asignatura y os presentamos cómo la desarrollaremos.', 'Aula del grupo', NULL, 32),
(NULL, '2019-09-15 19:29:50', 'Bienvenida a la asignatura de Física y Química ESO 4 (Grupo A ESO 4)', 'Los profesores os damos la bienvenida a la asignatura y os presentamos cómo la desarrollaremos.', 'Aula del grupo', NULL, 33),
(NULL, '2019-09-27 05:54:10', 'Bienvenida a la asignatura de Lengua castellana y Literatura ESO 4 (Grupo A ESO 4)', 'Los profesores os damos la bienvenida a la asignatura y os presentamos cómo la desarrollaremos.', 'Aula del grupo', NULL, 34),
(NULL, '2019-09-23 06:38:47', 'Bienvenida a la asignatura de Francés Bach. 1 (Grupo A Bach. 1)', 'Los profesores os damos la bienvenida a la asignatura y os presentamos cómo la desarrollaremos.', 'Aula del grupo', NULL, 35),
(NULL, '2019-09-18 01:03:11', 'Bienvenida a la asignatura de Inglés Bach. 1 (Grupo A Bach. 1)', 'Los profesores os damos la bienvenida a la asignatura y os presentamos cómo la desarrollaremos.', 'Aula del grupo', NULL, 36),
(NULL, '2019-09-04 09:06:54', 'Bienvenida a la asignatura de Alemán Bach. 1 (Grupo A Bach. 1)', 'Los profesores os damos la bienvenida a la asignatura y os presentamos cómo la desarrollaremos.', 'Aula del grupo', NULL, 37),
(NULL, '2019-09-11 18:06:37', 'Bienvenida a la asignatura de Filosofía Bach. 1 (Grupo A Bach. 1)', 'Los profesores os damos la bienvenida a la asignatura y os presentamos cómo la desarrollaremos.', 'Aula del grupo', NULL, 38),
(NULL, '2019-09-27 02:53:42', 'Bienvenida a la asignatura de Geografía e Historia Bach. 1 (Grupo A Bach. 1)', 'Los profesores os damos la bienvenida a la asignatura y os presentamos cómo la desarrollaremos.', 'Aula del grupo', NULL, 39),
(NULL, '2019-09-11 05:55:49', 'Bienvenida a la asignatura de Tecnología Bach. 1 (Grupo A Bach. 1)', 'Los profesores os damos la bienvenida a la asignatura y os presentamos cómo la desarrollaremos.', 'Aula del grupo', NULL, 40),
(NULL, '2019-09-15 02:06:34', 'Bienvenida a la asignatura de Dibujo Técnico Bach. 1 (Grupo A Bach. 1)', 'Los profesores os damos la bienvenida a la asignatura y os presentamos cómo la desarrollaremos.', 'Aula del grupo', NULL, 41),
(NULL, '2019-09-20 12:12:40', 'Bienvenida a la asignatura de Lengua castellana y Literatura Bach. 1 (Grupo A Bach. 1)', 'Los profesores os damos la bienvenida a la asignatura y os presentamos cómo la desarrollaremos.', 'Aula del grupo', NULL, 42),
(NULL, '2019-09-28 23:53:11', 'Bienvenida a la asignatura de Francés Bach. 1 (Grupo B Bach. 1)', 'Los profesores os damos la bienvenida a la asignatura y os presentamos cómo la desarrollaremos.', 'Aula del grupo', NULL, 43),
(NULL, '2019-09-21 14:56:20', 'Bienvenida a la asignatura de Inglés Bach. 1 (Grupo B Bach. 1)', 'Los profesores os damos la bienvenida a la asignatura y os presentamos cómo la desarrollaremos.', 'Aula del grupo', NULL, 44),
(NULL, '2019-09-06 10:54:51', 'Bienvenida a la asignatura de Alemán Bach. 1 (Grupo B Bach. 1)', 'Los profesores os damos la bienvenida a la asignatura y os presentamos cómo la desarrollaremos.', 'Aula del grupo', NULL, 45),
(NULL, '2019-09-20 02:04:57', 'Bienvenida a la asignatura de Filosofía Bach. 1 (Grupo B Bach. 1)', 'Los profesores os damos la bienvenida a la asignatura y os presentamos cómo la desarrollaremos.', 'Aula del grupo', NULL, 46),
(NULL, '2019-09-20 18:52:07', 'Bienvenida a la asignatura de Geografía e Historia Bach. 1 (Grupo B Bach. 1)', 'Los profesores os damos la bienvenida a la asignatura y os presentamos cómo la desarrollaremos.', 'Aula del grupo', NULL, 47),
(NULL, '2019-09-06 17:51:13', 'Bienvenida a la asignatura de Griego y Latín Bach. 1 (Grupo B Bach. 1)', 'Los profesores os damos la bienvenida a la asignatura y os presentamos cómo la desarrollaremos.', 'Aula del grupo', NULL, 48),
(NULL, '2019-09-12 00:34:30', 'Bienvenida a la asignatura de Música Bach. 1 (Grupo B Bach. 1)', 'Los profesores os damos la bienvenida a la asignatura y os presentamos cómo la desarrollaremos.', 'Aula del grupo', NULL, 49),
(NULL, '2019-09-17 21:14:48', 'Bienvenida a la asignatura de Lengua castellana y Literatura Bach. 1 (Grupo B Bach. 1)', 'Los profesores os damos la bienvenida a la asignatura y os presentamos cómo la desarrollaremos.', 'Aula del grupo', NULL, 50),
(NULL, '2019-09-28 02:59:47', 'Bienvenida a la asignatura de Francés Bach. 2 (Grupo A Bach. 2)', 'Los profesores os damos la bienvenida a la asignatura y os presentamos cómo la desarrollaremos.', 'Aula del grupo', NULL, 51),
(NULL, '2019-09-06 13:00:28', 'Bienvenida a la asignatura de Inglés Bach. 2 (Grupo A Bach. 2)', 'Los profesores os damos la bienvenida a la asignatura y os presentamos cómo la desarrollaremos.', 'Aula del grupo', NULL, 52),
(NULL, '2019-09-15 02:59:56', 'Bienvenida a la asignatura de Alemán Bach. 2 (Grupo A Bach. 2)', 'Los profesores os damos la bienvenida a la asignatura y os presentamos cómo la desarrollaremos.', 'Aula del grupo', NULL, 53),
(NULL, '2019-09-28 08:14:51', 'Bienvenida a la asignatura de Filosofía Bach. 2 (Grupo A Bach. 2)', 'Los profesores os damos la bienvenida a la asignatura y os presentamos cómo la desarrollaremos.', 'Aula del grupo', NULL, 54),
(NULL, '2019-09-05 08:15:28', 'Bienvenida a la asignatura de Geografía e Historia Bach. 2 (Grupo A Bach. 2)', 'Los profesores os damos la bienvenida a la asignatura y os presentamos cómo la desarrollaremos.', 'Aula del grupo', NULL, 55),
(NULL, '2019-09-21 08:57:09', 'Bienvenida a la asignatura de Tecnología Bach. 2 (Grupo A Bach. 2)', 'Los profesores os damos la bienvenida a la asignatura y os presentamos cómo la desarrollaremos.', 'Aula del grupo', NULL, 56),
(NULL, '2019-09-05 08:36:43', 'Bienvenida a la asignatura de Dibujo Técnico Bach. 2 (Grupo A Bach. 2)', 'Los profesores os damos la bienvenida a la asignatura y os presentamos cómo la desarrollaremos.', 'Aula del grupo', NULL, 57),
(NULL, '2019-09-23 00:01:35', 'Bienvenida a la asignatura de Lengua castellana y Literatura Bach. 2 (Grupo A Bach. 2)', 'Los profesores os damos la bienvenida a la asignatura y os presentamos cómo la desarrollaremos.', 'Aula del grupo', NULL, 58),
(NULL, '2019-09-29 13:32:45', 'Bienvenida a la asignatura de Francés Bach. 2 (Grupo B Bach. 2)', 'Los profesores os damos la bienvenida a la asignatura y os presentamos cómo la desarrollaremos.', 'Aula del grupo', NULL, 59),
(NULL, '2019-09-03 09:15:21', 'Bienvenida a la asignatura de Inglés Bach. 2 (Grupo B Bach. 2)', 'Los profesores os damos la bienvenida a la asignatura y os presentamos cómo la desarrollaremos.', 'Aula del grupo', NULL, 60),
(NULL, '2019-09-12 11:43:10', 'Bienvenida a la asignatura de Alemán Bach. 2 (Grupo B Bach. 2)', 'Los profesores os damos la bienvenida a la asignatura y os presentamos cómo la desarrollaremos.', 'Aula del grupo', NULL, 61),
(NULL, '2019-09-05 22:40:50', 'Bienvenida a la asignatura de Filosofía Bach. 2 (Grupo B Bach. 2)', 'Los profesores os damos la bienvenida a la asignatura y os presentamos cómo la desarrollaremos.', 'Aula del grupo', NULL, 62),
(NULL, '2019-09-12 00:00:45', 'Bienvenida a la asignatura de Geografía e Historia Bach. 2 (Grupo B Bach. 2)', 'Los profesores os damos la bienvenida a la asignatura y os presentamos cómo la desarrollaremos.', 'Aula del grupo', NULL, 63),
(NULL, '2019-09-11 20:24:26', 'Bienvenida a la asignatura de Griego y Latín Bach. 2 (Grupo B Bach. 2)', 'Los profesores os damos la bienvenida a la asignatura y os presentamos cómo la desarrollaremos.', 'Aula del grupo', NULL, 64),
(NULL, '2019-09-15 14:53:23', 'Bienvenida a la asignatura de Música Bach. 2 (Grupo B Bach. 2)', 'Los profesores os damos la bienvenida a la asignatura y os presentamos cómo la desarrollaremos.', 'Aula del grupo', NULL, 65),
(NULL, '2019-09-14 00:53:49', 'Bienvenida a la asignatura de Lengua castellana y Literatura Bach. 2 (Grupo B Bach. 2)', 'Los profesores os damos la bienvenida a la asignatura y os presentamos cómo la desarrollaremos.', 'Aula del grupo', NULL, 66);

/*
 * Libros.
 *
 * @see https://www.mockaroo.com/
 */

INSERT INTO `gesi_libros` (`id`, `autor`, `titulo`, `asignatura`, `isbn`, `editorial`)
VALUES
(1, 'Aurelie Chaudron', 'Stille nacht', 1, '9783195431112', 'Ferry, Rath and Murazik'),
(2, 'Constantino Butter', 'Cashback', 2, '9783980881524', 'OHara, DAmore and Effertz'),
(3, 'Mella Baudin', 'Sea Wolf, The', 3, '9783671377274', 'Koelpin-Towne'),
(4, 'Susy Hendriksen', 'Snow Walker, The', 4, '9783003559931', 'Heathcote-Ankunding'),
(5, 'Lissie Lote', 'Family Law (Derecho de familia)', 5, '9783985233100', 'Beer and Sons'),
(6, 'Flore Brigginshaw', 'Oceans Twelve', 6, '9783370423551', 'Mitchell, Jenkins and Pouros'),
(7, 'Olivier Czajkowska', 'Teachers', 7, '9783737698239', 'Jaskolski, Torphy and Willms'),
(8, 'Richardo Weiner', 'Weirdsville', 8, '9783652701101', 'Baumbach, Kassulke and Wuckert'),
(9, 'Norma Cardo', 'Last Winter, The', 9, '9783407765645', 'Yost-Howell'),
(10, 'Sheridan Berecloth', 'Secret of Santa Vittoria, The', 10, '9783829219733', 'Sauer, McClure and Windler'),
(11, 'Keriann Gerdts', 'Bad Moon', 11, '9783523496316', 'Langosh Inc'),
(12, 'Ronnie Ferreri', 'Sabretooth', 12, '9783592425859', 'Price-Hand'),
(13, 'Thalia Edwin', 'Glass Web, The', 13, '9783285062774', 'Mante-Bailey'),
(14, 'Storm Renad', 'When Evening Falls on Bucharest or Metabolism', 14, '9783151714291', 'Turner Inc'),
(15, 'Vanya Delgaty', 'Gunnin for That #1 Spot', 15, '9783751462572', 'Kunde Group'),
(16, 'Norma Pagett', 'Boy Meets Girl', 16, '9783630252448', 'Becker-McDermott'),
(17, 'Cris Ralestone', 'When the Last Sword is Drawn (Mibu gishi den)', 17, '9783751267054', 'Welch, Krajcik and Anderson'),
(18, 'Shelia Kelwick', 'Dead, The', 18, '9783723252300', 'Mills-DuBuque'),
(19, 'Maryjane Everly', 'Talladega Nights: The Ballad of Ricky Bobby', 19, '9783757088104', 'Cummerata Inc'),
(20, 'Jackson Gueny', 'Brothers on the Line', 20, '9783445815519', 'Block, Purdy and Abshire'),
(21, 'Corine Clampe', 'Misery', 21, '9783436522391', 'Johnston-Schimmel'),
(22, 'Maddie Addionisio', '20 Feet from Stardom (Twenty Feet from Stardom)', 22, '9783550629072', 'Schaefer, Sipes and Reilly'),
(23, 'Karney Delucia', 'Making Love', 23, '9783392122047', 'Medhurst and Sons'),
(24, 'Aube Clever', 'U2 3D', 24, '9783934418185', 'Schaefer, Kozey and Stoltenberg'),
(25, 'Vince Ranger', 'Tarantula', 25, '9783952340465', 'OConner, Langworth and Kreiger'),
(26, 'La verne Lefridge', 'Ski Party', 26, '9783436970158', 'Buckridge LLC'),
(27, 'Jareb Manchester', 'A Night in the Show', 27, '9783490127702', 'Osinski, Koch and Kerluke'),
(28, 'Halsy Snel', 'Graduate, The', 28, '9783820108928', 'Gaylord-Kemmer'),
(29, 'Valma Fairholme', 'Say It Isnt So', 29, '9783747807985', 'Zieme-Macejkovic'),
(30, 'Neal Gornar', 'Boys from Brazil, The', 30, '9783918115553', 'Marks-Mitchell'),
(31, 'Ryon Dohms', '16 Years of Alcohol', 31, '9783784545381', 'Sipes-Heathcote'),
(32, 'Alicea Keepe', 'Cant Buy Me Love', 32, '9783302793569', 'Metz Inc'),
(33, 'Trix Tembridge', 'Screamers', 33, '9783398736282', 'Larkin, Wolff and Upton'),
(34, 'Amory Gary', 'Land Before Time, The', 34, '9783569538180', 'Turner and Sons'),
(35, 'Suzanna Fisk', 'Disconnect', 35, '9783140590161', 'Jenkins, Terry and Bailey'),
(36, 'Devlen Berceros', 'Mysterious Mr. Moto', 36, '9783873994221', 'Mraz-Blanda'),
(37, 'Celestine Beddows', 'Perfect Blue', 37, '9783647917924', 'Wisozk Inc'),
(38, 'Henriette OScully', 'Outland', 38, '9783143055956', 'Maggio Inc'),
(39, 'Libby Duester', 'Children of Men', 39, '9783341255122', 'Sauer-Ankunding'),
(40, 'Fayre Thredder', 'Night to Remember, A', 40, '9783060550078', 'Hudson Group'),
(41, 'Antonia Sothern', 'Dating the Enemy', 41, '9783122458954', 'Bashirian Inc'),
(42, 'Mehetabel Briscoe', 'All Is Forgiven (Tout est pardonné)', 42, '9783698284398', 'Wolf LLC'),
(43, 'Ekaterina Bleakman', 'Mr. Denning Drives North', 43, '9783972072107', 'Beatty, Abshire and Schulist'),
(44, 'Nikkie Vedmore', 'Oliver Twist', 44, '9783711589657', 'Hoeger and Sons'),
(45, 'Guthrie O Dooley', 'E.T. the Extra-Terrestrial', 45, '9783313409521', 'Beahan-Pacocha'),
(46, 'Claudian Coysh', 'First Love (Primo Amore)', 46, '9783310576314', 'Schoen and Sons'),
(47, 'Dulcia Dalloway', 'Emperors New Groove, The', 47, '9783863321279', 'Little, Kuhic and Padberg'),
(48, 'Ameline Moakes', 'Buttcrack', 48, '9783850160606', 'Upton Group'),
(49, 'Gunner Pummery', 'Fuzz', 49, '9783813175747', 'Sawayn and Sons'),
(50, 'Wald Parmley', 'Demonic', 50, '9783902070591', 'Walker-Mosciski'),
(51, 'Rickey Towne', 'Quest for Camelot', 51, '9783774208840', 'Rolfson, Crooks and Vandervort'),
(52, 'Johan Woodson', 'My Brilliant Career', 52, '9783155324027', 'Denesik-Oberbrunner'),
(53, 'Lora Spellacy', 'Creep Van', 53, '9783974191628', 'Pfeffer LLC'),
(54, 'Layney Loader', 'Great McGinty, The', null, '9783723907272', 'Nolan Inc'),
(55, 'Kevon Rodson', 'Sabotage', null, '9783156342530', 'Dickinson-Langworth'),
(56, 'Anitra Lief', 'Broadway Damage', null, '9783513556817', 'Russel, Beier and Crooks'),
(57, 'Sancho Coil', 'Diamonds Are Forever', null, '9783319038625', 'Anderson-Harber'),
(58, 'Tobe Doncaster', 'Patti Smith: Dream of Life', null, '9783941579616', 'Jacobs and Sons'),
(59, 'Rhianon Szepe', 'Home of the Brave', null, '9783981314780', 'Lueilwitz-Wilkinson'),
(60, 'Mirabel Slimings', 'City Slickers II: The Legend of Curlys Gold', null, '9783592070104', 'Schaefer-Schamberger'),
(61, 'Ulrica Keeton', 'Armed and Dangerous', null, '9783158571434', 'Schultz, Hodkiewicz and Waters'),
(62, 'Jock Durbyn', 'On_Line (a.k.a. On Line)', null, '9783874542871', 'Conroy and Sons'),
(63, 'Roxane Inmett', 'Captain America: The First Avenger', null, '9783352296005', 'Larkin-Brekke'),
(64, 'Ema Dowman', 'Beats Being Dead (Dreileben - Etwas Besseres als den Tod)', null, '9783447639362', 'Feeney Inc'),
(65, 'Lina Spur', 'Pick-up Artist, The', null, '9783151855043', 'Ebert, Emard and Ankunding'),
(66, 'Herve Bestwerthick', 'Maradona by Kusturica', null, '9783195545736', 'Blanda-Cummerata'),
(67, 'Shauna Brightling', 'Crude Oasis, The', null, '9783226434116', 'Cummings, Aufderhar and Stokes'),
(68, 'Laureen Arnison', 'Village People', null, '9783905736949', 'Zboncak, Hauck and Kautzer'),
(69, 'Noll Rykert', 'The UFO Incident', null, '9783252394519', 'Ferry, Roberts and Morissette'),
(70, 'Huntlee Muris', 'Chinese Take-Out (Chinese Take-Away) (Un cuento chino)', null, '9783645274588', 'Smith, Reilly and West'),
(71, 'Hendrika Grissett', 'Tough Guys', null, '9783480816563', 'Kshlerin-Kohler'),
(72, 'Humfried Sutcliffe', 'Cherry Tree Lane', null, '9783830493091', 'Schulist LLC'),
(73, 'Ruthy Prynne', 'Life of Aleksis Kivi, The (Aleksis Kiven elämä)', null, '9783905049530', 'Terry-Mayer'),
(74, 'Leoline Gostall', 'Kiss Me Goodbye', null, '9783524637766', 'Farrell-Ullrich'),
(75, 'Avrom Domenichini', 'Magnificent Obsession', null, '9783167758864', 'Powlowski LLC'),
(76, 'Andriette McGill', 'Family Life', null, '9783180157287', 'Jaskolski, Ziemann and Harris'),
(77, 'Alaster Searl', 'Ugly, The', null, '9783178861928', 'Hagenes Group'),
(78, 'Thorvald Ainslie', 'Good Men, Good Women (Hao nan hao nu)', null, '9783606910354', 'Nolan LLC'),
(79, 'Aretha Dallaway', 'Vehicle 19', null, '9783491015946', 'Howe-Little'),
(80, 'Roz Duffus', 'Living til the End', null, '9783048963546', 'Christiansen, Anderson and Bednar'),
(81, 'Koo Velez', 'Moebius Redux: A Life in Pictures', null, '9783237892584', 'Jaskolski, Wilkinson and Cassin'),
(82, 'Jacky Mc Coughan', 'Kickboxer', null, '9783459637007', 'Legros, Abbott and Bogan'),
(83, 'Stanley Bonnar', 'Ride', null, '9783230575146', 'Borer and Sons'),
(84, 'Dur Primo', 'Looking for Palladin', null, '9783648666381', 'Walsh, Gibson and McDermott'),
(85, 'Margarethe Tift', 'Forgotten', null, '9783446775023', 'Johns, Beahan and Hane'),
(86, 'Harlin Koppes', 'Public Eye, The (Follow Me!)', null, '9783228325904', 'Hammes LLC'),
(87, 'Hogan Stode', 'Emergency Escape, The (Wyjscie awaryjne)', null, '9783950044456', 'Doyle, Runolfsdottir and Zulauf'),
(88, 'Lancelot Pieracci', 'Swedish Auto', null, '9783802577268', 'Labadie, Daniel and Hettinger'),
(89, 'Iain Blackleech', 'Bill Hicks: Relentless', null, '9783439917458', 'Kilback, Reynolds and Abbott'),
(90, 'Merlina Lahive', 'Lady, The', null, '9783918348411', 'Krajcik LLC'),
(91, 'Bertina Kinge', 'East of Eden', null, '9783804637225', 'Ryan-Wehner'),
(92, 'Agathe Ritch', 'Stars Look Down, The', null, '9783359769969', 'Ortiz-Dooley'),
(93, 'Rosalinde Stobbs', 'Cat Returns, The (Neko no ongaeshi)', null, '9783515866128', 'Parisian and Sons'),
(94, 'Dillie Springell', 'Charlie St. Cloud', null, '9783148371521', 'Cassin, Ledner and Lowe'),
(95, 'Gannie Kimmerling', 'Petulia', null, '9783079241492', 'Johns and Sons'),
(96, 'Caprice Douthwaite', 'But Forever in My Mind', null, '9783325662786', 'Jacobi-Ritchie'),
(97, 'Far January 1st', 'Life After People', null, '9783637053193', 'Hayes-Runolfsdottir'),
(98, 'Erhart Vellacott', 'Bloodfist', null, '9783152281326', 'Bailey, Flatley and Zemlak'),
(99, 'Roxy McLeary', 'Apollo 13: To the Edge and Back', null, '9783311756442', 'Schroeder and Sons'),
(100, 'Constantia Pease', 'Supporting Characters', null, '9783520906098', 'Cummings, McLaughlin and Greenfelder');

/*
 * Ejemplares de libros.
 *
 * Un ejemplar por cada libro de demostración.
 */

INSERT INTO `gesi_ejemplar_libro` (`id`, `numero`, `libro`, `prestado`, `usuario_prestamo`, `fecha_alta_prestamo`, `fecha_expiracion_prestamo`, `reserva`, `usuario_reserva`, `fecha_alta_reserva`, `fecha_expiracion_reserva`)
VALUES
(NULL, 1, 1, 0, NULL, NULL, NULL, 0, NULL, NULL, NULL),
(NULL, 1, 2, 0, NULL, NULL, NULL, 0, NULL, NULL, NULL),
(NULL, 1, 3, 0, NULL, NULL, NULL, 0, NULL, NULL, NULL),
(NULL, 1, 4, 0, NULL, NULL, NULL, 0, NULL, NULL, NULL),
(NULL, 1, 5, 0, NULL, NULL, NULL, 0, NULL, NULL, NULL),
(NULL, 1, 6, 0, NULL, NULL, NULL, 0, NULL, NULL, NULL),
(NULL, 1, 7, 0, NULL, NULL, NULL, 0, NULL, NULL, NULL),
(NULL, 1, 8, 0, NULL, NULL, NULL, 0, NULL, NULL, NULL),
(NULL, 1, 9, 0, NULL, NULL, NULL, 0, NULL, NULL, NULL),
(NULL, 1, 10, 0, NULL, NULL, NULL, 0, NULL, NULL, NULL),
(NULL, 1, 11, 0, NULL, NULL, NULL, 0, NULL, NULL, NULL),
(NULL, 1, 12, 0, NULL, NULL, NULL, 0, NULL, NULL, NULL),
(NULL, 1, 13, 0, NULL, NULL, NULL, 0, NULL, NULL, NULL),
(NULL, 1, 14, 0, NULL, NULL, NULL, 0, NULL, NULL, NULL),
(NULL, 1, 15, 0, NULL, NULL, NULL, 0, NULL, NULL, NULL),
(NULL, 1, 16, 0, NULL, NULL, NULL, 0, NULL, NULL, NULL),
(NULL, 1, 17, 0, NULL, NULL, NULL, 0, NULL, NULL, NULL),
(NULL, 1, 18, 0, NULL, NULL, NULL, 0, NULL, NULL, NULL),
(NULL, 1, 19, 0, NULL, NULL, NULL, 0, NULL, NULL, NULL),
(NULL, 1, 20, 0, NULL, NULL, NULL, 0, NULL, NULL, NULL),
(NULL, 1, 21, 0, NULL, NULL, NULL, 0, NULL, NULL, NULL),
(NULL, 1, 22, 0, NULL, NULL, NULL, 0, NULL, NULL, NULL),
(NULL, 1, 23, 0, NULL, NULL, NULL, 0, NULL, NULL, NULL),
(NULL, 1, 24, 0, NULL, NULL, NULL, 0, NULL, NULL, NULL),
(NULL, 1, 25, 0, NULL, NULL, NULL, 0, NULL, NULL, NULL),
(NULL, 1, 26, 0, NULL, NULL, NULL, 0, NULL, NULL, NULL),
(NULL, 1, 27, 0, NULL, NULL, NULL, 0, NULL, NULL, NULL),
(NULL, 1, 28, 0, NULL, NULL, NULL, 0, NULL, NULL, NULL),
(NULL, 1, 29, 0, NULL, NULL, NULL, 0, NULL, NULL, NULL),
(NULL, 1, 30, 0, NULL, NULL, NULL, 0, NULL, NULL, NULL),
(NULL, 1, 31, 0, NULL, NULL, NULL, 0, NULL, NULL, NULL),
(NULL, 1, 32, 0, NULL, NULL, NULL, 0, NULL, NULL, NULL),
(NULL, 1, 33, 0, NULL, NULL, NULL, 0, NULL, NULL, NULL),
(NULL, 1, 34, 0, NULL, NULL, NULL, 0, NULL, NULL, NULL),
(NULL, 1, 35, 0, NULL, NULL, NULL, 0, NULL, NULL, NULL),
(NULL, 1, 36, 0, NULL, NULL, NULL, 0, NULL, NULL, NULL),
(NULL, 1, 37, 0, NULL, NULL, NULL, 0, NULL, NULL, NULL),
(NULL, 1, 38, 0, NULL, NULL, NULL, 0, NULL, NULL, NULL),
(NULL, 1, 39, 0, NULL, NULL, NULL, 0, NULL, NULL, NULL),
(NULL, 1, 40, 0, NULL, NULL, NULL, 0, NULL, NULL, NULL),
(NULL, 1, 41, 0, NULL, NULL, NULL, 0, NULL, NULL, NULL),
(NULL, 1, 42, 0, NULL, NULL, NULL, 0, NULL, NULL, NULL),
(NULL, 1, 43, 0, NULL, NULL, NULL, 0, NULL, NULL, NULL),
(NULL, 1, 44, 0, NULL, NULL, NULL, 0, NULL, NULL, NULL),
(NULL, 1, 45, 0, NULL, NULL, NULL, 0, NULL, NULL, NULL),
(NULL, 1, 46, 0, NULL, NULL, NULL, 0, NULL, NULL, NULL),
(NULL, 1, 47, 0, NULL, NULL, NULL, 0, NULL, NULL, NULL),
(NULL, 1, 48, 0, NULL, NULL, NULL, 0, NULL, NULL, NULL),
(NULL, 1, 49, 0, NULL, NULL, NULL, 0, NULL, NULL, NULL),
(NULL, 1, 50, 0, NULL, NULL, NULL, 0, NULL, NULL, NULL),
(NULL, 1, 51, 0, NULL, NULL, NULL, 0, NULL, NULL, NULL),
(NULL, 1, 52, 0, NULL, NULL, NULL, 0, NULL, NULL, NULL),
(NULL, 1, 53, 0, NULL, NULL, NULL, 0, NULL, NULL, NULL),
(NULL, 1, 54, 0, NULL, NULL, NULL, 0, NULL, NULL, NULL),
(NULL, 1, 55, 0, NULL, NULL, NULL, 0, NULL, NULL, NULL),
(NULL, 1, 56, 0, NULL, NULL, NULL, 0, NULL, NULL, NULL),
(NULL, 1, 57, 0, NULL, NULL, NULL, 0, NULL, NULL, NULL),
(NULL, 1, 58, 0, NULL, NULL, NULL, 0, NULL, NULL, NULL),
(NULL, 1, 59, 0, NULL, NULL, NULL, 0, NULL, NULL, NULL),
(NULL, 1, 60, 0, NULL, NULL, NULL, 0, NULL, NULL, NULL),
(NULL, 1, 61, 0, NULL, NULL, NULL, 0, NULL, NULL, NULL),
(NULL, 1, 62, 0, NULL, NULL, NULL, 0, NULL, NULL, NULL),
(NULL, 1, 63, 0, NULL, NULL, NULL, 0, NULL, NULL, NULL),
(NULL, 1, 64, 0, NULL, NULL, NULL, 0, NULL, NULL, NULL),
(NULL, 1, 65, 0, NULL, NULL, NULL, 0, NULL, NULL, NULL),
(NULL, 1, 66, 0, NULL, NULL, NULL, 0, NULL, NULL, NULL),
(NULL, 1, 67, 0, NULL, NULL, NULL, 0, NULL, NULL, NULL),
(NULL, 1, 68, 0, NULL, NULL, NULL, 0, NULL, NULL, NULL),
(NULL, 1, 69, 0, NULL, NULL, NULL, 0, NULL, NULL, NULL),
(NULL, 1, 70, 0, NULL, NULL, NULL, 0, NULL, NULL, NULL),
(NULL, 1, 71, 0, NULL, NULL, NULL, 0, NULL, NULL, NULL),
(NULL, 1, 72, 0, NULL, NULL, NULL, 0, NULL, NULL, NULL),
(NULL, 1, 73, 0, NULL, NULL, NULL, 0, NULL, NULL, NULL),
(NULL, 1, 74, 0, NULL, NULL, NULL, 0, NULL, NULL, NULL),
(NULL, 1, 75, 0, NULL, NULL, NULL, 0, NULL, NULL, NULL),
(NULL, 1, 76, 0, NULL, NULL, NULL, 0, NULL, NULL, NULL),
(NULL, 1, 77, 0, NULL, NULL, NULL, 0, NULL, NULL, NULL),
(NULL, 1, 78, 0, NULL, NULL, NULL, 0, NULL, NULL, NULL),
(NULL, 1, 79, 0, NULL, NULL, NULL, 0, NULL, NULL, NULL),
(NULL, 1, 80, 0, NULL, NULL, NULL, 0, NULL, NULL, NULL),
(NULL, 1, 81, 0, NULL, NULL, NULL, 0, NULL, NULL, NULL),
(NULL, 1, 82, 0, NULL, NULL, NULL, 0, NULL, NULL, NULL),
(NULL, 1, 83, 0, NULL, NULL, NULL, 0, NULL, NULL, NULL),
(NULL, 1, 84, 0, NULL, NULL, NULL, 0, NULL, NULL, NULL),
(NULL, 1, 85, 0, NULL, NULL, NULL, 0, NULL, NULL, NULL),
(NULL, 1, 86, 0, NULL, NULL, NULL, 0, NULL, NULL, NULL),
(NULL, 1, 87, 0, NULL, NULL, NULL, 0, NULL, NULL, NULL),
(NULL, 1, 88, 0, NULL, NULL, NULL, 0, NULL, NULL, NULL),
(NULL, 1, 89, 0, NULL, NULL, NULL, 0, NULL, NULL, NULL),
(NULL, 1, 90, 0, NULL, NULL, NULL, 0, NULL, NULL, NULL),
(NULL, 1, 91, 0, NULL, NULL, NULL, 0, NULL, NULL, NULL),
(NULL, 1, 92, 0, NULL, NULL, NULL, 0, NULL, NULL, NULL),
(NULL, 1, 93, 0, NULL, NULL, NULL, 0, NULL, NULL, NULL),
(NULL, 1, 94, 0, NULL, NULL, NULL, 0, NULL, NULL, NULL),
(NULL, 1, 95, 0, NULL, NULL, NULL, 0, NULL, NULL, NULL),
(NULL, 1, 96, 0, NULL, NULL, NULL, 0, NULL, NULL, NULL),
(NULL, 1, 97, 0, NULL, NULL, NULL, 0, NULL, NULL, NULL),
(NULL, 1, 98, 0, NULL, NULL, NULL, 0, NULL, NULL, NULL),
(NULL, 1, 99, 0, NULL, NULL, NULL, 0, NULL, NULL, NULL),
(NULL, 1, 100, 0, NULL, NULL, NULL, 0, NULL, NULL, NULL);

/*
 * Mensajes de Secretaría.
 *
 * @see https://www.mockaroo.com/
 */

INSERT INTO `gesi_mensajes_secretaria` (`id`, `usuario`, `from_nombre`, `from_email`, `from_telefono`, `fecha`, `contenido`)
VALUES
(null, 61, null, null, null, '2019-11-30 15:39:58', 'Team-oriented methodical open architecture'),
(null, 46, null, null, null, '2020-04-25 01:23:22', 'Profound client-driven knowledge base'),
(null, 50, null, null, null, '2019-05-03 10:32:46', 'De-engineered bandwidth-monitored productivity'),
(null, 56, null, null, null, '2020-03-26 10:53:41', 'Profit-focused 4th generation core'),
(null, 93, null, null, null, '2019-02-20 05:08:23', 'Optimized intermediate protocol'),
(null, 36, null, null, null, '2020-01-14 18:20:11', 'Devolved next generation initiative'),
(null, 55, null, null, null, '2019-06-21 00:51:21', 'De-engineered neutral orchestration'),
(null, 63, null, null, null, '2019-08-09 10:54:51', 'Team-oriented secondary Graphic Interface'),
(null, 30, null, null, null, '2019-11-03 21:28:47', 'Adaptive regional definition'),
(null, 58, null, null, null, '2020-02-24 02:38:11', 'Quality-focused client-server database'),
(null, 84, null, null, null, '2019-06-21 01:18:30', 'Switchable well-modulated utilisation'),
(null, 60, null, null, null, '2019-03-18 23:34:30', 'Persistent fault-tolerant portal'),
(null, 79, null, null, null, '2019-11-14 08:47:52', 'Cross-group zero tolerance process improvement'),
(null, 47, null, null, null, '2019-07-24 18:11:40', 'Optional next generation functionalities'),
(null, 31, null, null, null, '2019-03-25 01:07:37', 'Centralized asynchronous knowledge base'),
(null, 73, null, null, null, '2019-10-16 12:18:01', 'Quality-focused 6th generation firmware'),
(null, 48, null, null, null, '2020-03-18 02:24:36', 'Business-focused intermediate workforce'),
(null, 67, null, null, null, '2020-03-22 01:40:10', 'Sharable global capacity'),
(null, 94, null, null, null, '2019-07-02 19:06:20', 'Robust regional firmware'),
(null, 62, null, null, null, '2020-01-06 14:44:12', 'Synergized 24 hour archive'),
(null, 84, null, null, null, '2019-07-20 19:56:56', 'Synchronised optimizing software'),
(null, 65, null, null, null, '2019-02-25 18:06:49', 'User-centric reciprocal challenge'),
(null, 87, null, null, null, '2019-09-18 05:12:16', 'Synergized needs-based middleware'),
(null, 44, null, null, null, '2019-10-13 12:26:33', 'Re-engineered next generation process improvement'),
(null, 56, null, null, null, '2019-03-26 05:36:55', 'Object-based multi-state local area network'),
(null, 80, null, null, null, '2019-04-26 13:46:41', 'Versatile web-enabled leverage'),
(null, 95, null, null, null, '2019-04-21 08:27:10', 'Open-source 24 hour infrastructure'),
(null, 88, null, null, null, '2019-07-04 23:40:43', 'Assimilated disintermediate throughput'),
(null, 81, null, null, null, '2019-10-25 01:55:08', 'Focused 6th generation software'),
(null, 56, null, null, null, '2019-10-21 05:36:47', 'Ameliorated modular groupware'),
(null, 75, null, null, null, '2019-03-18 05:58:19', 'Managed modular matrices'),
(null, 51, null, null, null, '2019-08-26 15:17:44', 'Right-sized value-added firmware'),
(null, 56, null, null, null, '2019-08-20 03:28:17', 'Profound upward-trending concept'),
(null, 94, null, null, null, '2020-03-21 05:56:53', 'Right-sized incremental core'),
(null, 43, null, null, null, '2020-02-21 03:36:46', 'Reverse-engineered incremental analyzer'),
(null, 97, null, null, null, '2019-06-08 14:35:05', 'Networked encompassing open system'),
(null, 62, null, null, null, '2019-06-05 07:58:37', 'Extended systemic artificial intelligence'),
(null, 69, null, null, null, '2020-05-20 13:53:32', 'Multi-channelled 3rd generation function'),
(null, 86, null, null, null, '2020-03-01 03:14:40', 'Down-sized bandwidth-monitored concept'),
(null, 76, null, null, null, '2019-10-10 11:46:01', 'Virtual logistical budgetary management'),
(null, 90, null, null, null, '2019-07-23 06:19:09', 'Centralized scalable moderator'),
(null, 86, null, null, null, '2019-12-02 02:56:24', 'Polarised intangible benchmark'),
(null, 52, null, null, null, '2020-04-01 07:28:42', 'Right-sized optimal initiative'),
(null, 41, null, null, null, '2019-05-20 11:51:41', 'Horizontal local standardization'),
(null, 64, null, null, null, '2019-03-31 06:44:22', 'Extended client-driven archive'),
(null, 51, null, null, null, '2020-01-16 03:31:07', 'Organic didactic project'),
(null, 36, null, null, null, '2020-05-06 20:26:05', 'Total full-range application'),
(null, 86, null, null, null, '2019-09-28 08:25:16', 'Versatile web-enabled functionalities'),
(null, 50, null, null, null, '2019-09-24 04:22:14', 'Pre-emptive maximized functionalities'),
(null, 84, null, null, null, '2020-03-10 18:17:31', 'Vision-oriented value-added conglomeration'),
(null, 53, null, null, null, '2019-10-18 01:33:34', 'Diverse optimizing attitude'),
(null, 88, null, null, null, '2019-06-17 06:59:39', 'Sharable client-driven synergy'),
(null, 63, null, null, null, '2019-04-16 06:34:33', 'Streamlined zero tolerance knowledge user'),
(null, 58, null, null, null, '2019-09-30 21:24:22', 'Ameliorated executive service-desk'),
(null, 40, null, null, null, '2019-07-07 15:21:45', 'Re-engineered value-added intranet'),
(null, 75, null, null, null, '2020-05-29 05:28:46', 'Enhanced scalable budgetary management'),
(null, 84, null, null, null, '2019-09-06 02:25:12', 'De-engineered bandwidth-monitored toolset'),
(null, 33, null, null, null, '2020-02-12 07:48:03', 'Networked solution-oriented parallelism'),
(null, 30, null, null, null, '2019-11-10 16:19:36', 'Synergistic system-worthy product'),
(null, 74, null, null, null, '2019-11-05 03:19:30', 'Versatile fault-tolerant hardware'),
(null, 90, null, null, null, '2020-03-07 21:39:11', 'Switchable modular firmware'),
(null, 94, null, null, null, '2020-05-27 23:53:49', 'Assimilated radical collaboration'),
(null, 99, null, null, null, '2020-03-24 03:13:23', 'Enterprise-wide demand-driven methodology'),
(null, 58, null, null, null, '2019-09-29 17:01:36', 'Vision-oriented dedicated concept'),
(null, 78, null, null, null, '2020-04-18 15:00:06', 'Grass-roots interactive functionalities'),
(null, 68, null, null, null, '2020-01-05 12:10:34', 'Integrated motivating hierarchy'),
(null, 83, null, null, null, '2019-02-23 16:18:03', 'Expanded executive challenge'),
(null, 63, null, null, null, '2020-04-02 01:18:26', 'Adaptive high-level system engine'),
(null, 90, null, null, null, '2019-08-20 10:29:47', 'Robust logistical protocol'),
(null, 99, null, null, null, '2019-04-16 07:40:48', 'Networked exuding capacity'),
(null, 50, null, null, null, '2019-11-03 05:30:38', 'Reactive bifurcated workforce'),
(null, 65, null, null, null, '2020-05-16 10:19:35', 'Optimized asynchronous superstructure'),
(null, 58, null, null, null, '2020-05-20 21:13:48', 'Vision-oriented 5th generation software'),
(null, 84, null, null, null, '2019-03-18 01:23:54', 'Enterprise-wide national concept'),
(null, 61, null, null, null, '2019-09-19 02:33:41', 'Progressive real-time intranet'),
(null, 72, null, null, null, '2020-04-25 01:52:29', 'Optional multi-state knowledge base'),
(null, 32, null, null, null, '2019-08-25 18:53:41', 'Diverse national algorithm'),
(null, 83, null, null, null, '2019-11-06 00:26:26', 'Decentralized methodical ability'),
(null, 49, null, null, null, '2019-08-07 21:46:03', 'Switchable heuristic structure'),
(null, 53, null, null, null, '2019-11-03 15:07:35', 'Enterprise-wide secondary instruction set'),
(null, 98, null, null, null, '2019-10-08 23:09:09', 'Open-architected clear-thinking utilisation'),
(null, 70, null, null, null, '2019-09-19 13:12:18', 'Devolved incremental parallelism'),
(null, 51, null, null, null, '2019-03-31 10:55:23', 'Innovative explicit emulation'),
(null, 92, null, null, null, '2019-07-14 12:11:22', 'Enterprise-wide bandwidth-monitored conglomeration'),
(null, 55, null, null, null, '2019-10-31 23:50:19', 'Inverse incremental data-warehouse'),
(null, 47, null, null, null, '2019-07-08 23:24:28', 'Inverse demand-driven alliance'),
(null, 29, null, null, null, '2019-06-09 14:02:10', 'Customizable logistical capacity'),
(null, 96, null, null, null, '2020-04-22 03:46:09', 'Fully-configurable systematic core'),
(null, 90, null, null, null, '2019-11-04 10:25:58', 'Pre-emptive optimizing protocol'),
(null, 61, null, null, null, '2019-02-20 06:14:27', 'Progressive context-sensitive internet solution'),
(null, 53, null, null, null, '2020-03-28 07:49:20', 'Visionary bifurcated extranet'),
(null, 60, null, null, null, '2020-01-23 16:08:11', 'Fundamental methodical implementation'),
(null, 32, null, null, null, '2020-04-29 03:03:31', 'Reduced system-worthy access'),
(null, 50, null, null, null, '2019-08-08 05:15:48', 'Open-architected optimal analyzer'),
(null, 45, null, null, null, '2019-09-21 03:02:49', 'Organized fresh-thinking installation'),
(null, 80, null, null, null, '2019-06-17 16:57:26', 'Centralized responsive ability'),
(null, 29, null, null, null, '2019-12-22 07:27:52', 'Re-contextualized tertiary concept'),
(null, 51, null, null, null, '2019-11-28 20:53:40', 'Face to face eco-centric initiative'),
(null, 73, null, null, null, '2019-09-18 15:26:09', 'Virtual real-time core'),
(null, 30, null, null, null, '2019-04-19 04:16:37', 'Object-based bi-directional Graphical User Interface');
(null, null, 'Leilah Banke', 'lbanke0@go.com', '772 158 6744', '2019-03-21 14:50:49', 'Customizable analyzing installation'),
(null, null, 'Remy Caulket', 'rcaulket1@google.com.au', '795 302 8790', '2019-09-21 19:21:51', 'Realigned next generation solution'),
(null, null, 'Calla Simcock', 'csimcock2@dot.gov', '534 228 5256', '2019-11-21 10:08:31', 'Phased didactic access'),
(null, null, 'Beverlee Fitt', 'bfitt3@accuweather.com', '317 818 1875', '2019-04-19 18:04:17', 'Integrated multimedia process improvement'),
(null, null, 'Sascha McTrustam', 'smctrustam4@huffingtonpost.com', '319 806 9748', '2020-05-03 23:30:39', 'Organic full-range support'),
(null, null, 'Florina Ciccottini', 'fciccottini5@youtube.com', '150 224 6444', '2019-02-04 00:41:21', 'Expanded dynamic array'),
(null, null, 'Cal Bottrill', 'cbottrill6@kickstarter.com', '246 446 2494', '2019-05-05 17:02:35', 'Visionary coherent protocol'),
(null, null, 'Barbe Gascoine', 'bgascoine7@apple.com', '148 648 2661', '2019-02-15 18:56:48', 'Synergistic coherent hub'),
(null, null, 'Haywood Raeside', 'hraeside8@chicagotribune.com', '301 738 0760', '2019-06-04 03:27:12', 'Down-sized actuating ability'),
(null, null, 'Claudette Delagua', 'cdelagua9@miibeian.gov.cn', '908 549 0958', '2019-08-17 14:06:13', 'Managed background encryption'),
(null, null, 'Burl Potteril', 'bpotterila@php.net', '721 380 6009', '2019-07-11 05:52:15', 'Balanced coherent task-force'),
(null, null, 'Anders Lockwood', 'alockwoodb@oracle.com', '274 701 8334', '2019-04-04 20:11:09', 'Fundamental upward-trending functionalities'),
(null, null, 'Thia Leif', 'tleifc@naver.com', '947 908 9185', '2020-03-26 16:42:50', 'Advanced heuristic matrix'),
(null, null, 'Lonnie Pountney', 'lpountneyd@twitter.com', '179 652 1657', '2019-07-01 08:29:15', 'Quality-focused secondary adapter'),
(null, null, 'Dewey McGrotty', 'dmcgrottye@4shared.com', '867 688 7781', '2019-05-08 18:12:41', 'Digitized static Graphical User Interface'),
(null, null, 'Effie Brookes', 'ebrookesf@blinklist.com', '685 253 1655', '2020-01-11 06:35:01', 'Configurable impactful access'),
(null, null, 'Lyle Tothe', 'ltotheg@utexas.edu', '476 771 6123', '2019-06-20 08:56:34', 'Quality-focused context-sensitive initiative'),
(null, null, 'Helaina McGettrick', 'hmcgettrickh@t-online.de', '220 978 4613', '2019-03-28 20:24:20', 'Down-sized holistic product'),
(null, null, 'Augy Clifford', 'acliffordi@soup.io', '746 717 3652', '2019-02-28 00:38:12', 'Profound background core'),
(null, null, 'Domeniga Embra', 'dembraj@sina.com.cn', '112 743 6005', '2020-03-23 15:41:02', 'Compatible actuating local area network'),
(null, null, 'Verina Barriball', 'vbarriballk@go.com', '735 564 7289', '2019-07-02 11:56:21', 'Optimized systemic product'),
(null, null, 'Allianora Meys', 'ameysl@independent.co.uk', '650 879 0222', '2019-09-22 16:51:02', 'Multi-tiered encompassing infrastructure'),
(null, null, 'Jenny Ottewell', 'jottewellm@ehow.com', '693 281 4789', '2019-12-16 14:37:01', 'Configurable next generation task-force'),
(null, null, 'Byrom Shepperd', 'bshepperdn@washingtonpost.com', '917 438 7541', '2020-02-12 01:32:04', 'Switchable multimedia artificial intelligence'),
(null, null, 'Wolfgang Drew-Clifton', 'wdrewcliftono@china.com.cn', '913 933 4036', '2019-03-31 00:42:20', 'Persistent value-added function'),
(null, null, 'Gabbey Farndell', 'gfarndellp@newsvine.com', '755 647 2618', '2020-04-03 10:30:54', 'Optional non-volatile toolset'),
(null, null, 'Rennie O''Leahy', 'roleahyq@360.cn', '308 102 1494', '2019-02-16 15:35:03', 'Devolved local alliance'),
(null, null, 'Enrico Batrim', 'ebatrimr@technorati.com', '278 533 5300', '2019-02-17 13:59:49', 'Configurable bifurcated product'),
(null, null, 'Kellyann Reddell', 'kreddells@seattletimes.com', '250 763 6344', '2019-09-24 06:21:13', 'Integrated hybrid benchmark'),
(null, null, 'Rossie Inglesent', 'ringlesentt@e-recht24.de', '329 778 7637', '2019-04-20 16:12:15', 'Persevering bifurcated challenge'),
(null, null, 'Thorndike Duerden', 'tduerdenu@about.com', '502 552 8063', '2019-12-21 03:26:24', 'Multi-layered holistic portal'),
(null, null, 'Abie Deddum', 'adeddumv@skype.com', '679 937 0630', '2019-07-31 18:07:57', 'Upgradable asynchronous middleware'),
(null, null, 'Zonnya Bartolini', 'zbartoliniw@house.gov', '941 120 2613', '2019-05-03 10:03:32', 'Profound methodical artificial intelligence'),
(null, null, 'Nobe Lesmonde', 'nlesmondex@va.gov', '411 141 1309', '2020-02-04 07:40:11', 'Digitized 6th generation firmware'),
(null, null, 'Kort Windebank', 'kwindebanky@virginia.edu', '238 364 7664', '2019-05-29 11:56:44', 'Up-sized tangible hierarchy'),
(null, null, 'Mycah Keirl', 'mkeirlz@bravesites.com', '153 327 2082', '2019-12-12 13:35:37', 'Phased 24 hour internet solution'),
(null, null, 'Steffane Stebbing', 'sstebbing10@yellowpages.com', '534 561 8660', '2020-05-04 09:48:06', 'Grass-roots clear-thinking conglomeration'),
(null, null, 'Terrill Colbeck', 'tcolbeck11@over-blog.com', '672 221 2960', '2020-02-07 08:21:38', 'Up-sized real-time Graphic Interface'),
(null, null, 'Alyosha Kobieriecki', 'akobieriecki12@bluehost.com', '859 402 7130', '2020-05-18 18:53:19', 'Innovative cohesive orchestration'),
(null, null, 'Ainslie Chimienti', 'achimienti13@eepurl.com', '388 596 3274', '2019-11-30 12:37:16', 'Synergized scalable hierarchy');