-- phpMyAdmin SQL Dump
-- version 4.9.2
-- https://www.phpmyadmin.net/
--
-- Host: 127.0.0.1:3306
-- Generation Time: Jun 16, 2020 at 04:34 PM
-- Server version: 10.4.10-MariaDB
-- PHP Version: 7.3.12

SET SQL_MODE = "NO_AUTO_VALUE_ON_ZERO";
SET AUTOCOMMIT = 0;
START TRANSACTION;
SET time_zone = "+00:00";


/*!40101 SET @OLD_CHARACTER_SET_CLIENT=@@CHARACTER_SET_CLIENT */;
/*!40101 SET @OLD_CHARACTER_SET_RESULTS=@@CHARACTER_SET_RESULTS */;
/*!40101 SET @OLD_COLLATION_CONNECTION=@@COLLATION_CONNECTION */;
/*!40101 SET NAMES utf8mb4 */;

--
-- Database: `gesidemo`
--

--
-- Dumping data for table `gesi_asignaciones`
--

INSERT INTO `gesi_asignaciones` (`id`, `profesor`, `grupo`, `asignatura`, `horario`, `foro_principal`) VALUES
(1, 5, 1, 1, 'L 12:00 13:00; L 13:00 14:00;', 1),
(2, 6, 1, 7, 'X 12:00 13:00; X 13:00 14:00;', 2),
(3, 7, 1, 13, 'V 12:00 13:00; V 13:00 14:00;', 3),
(4, 8, 1, 25, 'M 9:00 10:00; J 9:00 10:00;', 4),
(5, 9, 1, 19, 'L 9:00 10:00; M 10:00 11:00; X 9:00 10:00;', 5),
(6, 12, 1, 29, 'L 10:00 11:00; X 10:00 11:00; V 9:00 10:00;', 6),
(7, 15, 1, 33, 'M 13:00 14:00; J 12:00 13:00; J 13:00 14:00;', 7),
(8, 10, 1, 49, 'M 12:00 13:00; J 10:00 11:00; V 10:00 11:00;', 8),
(9, 26, 2, 2, 'L 12:00 13:00; L 13:00 14:00;', 9),
(10, 27, 2, 8, 'X 12:00 13:00; X 13:00 14:00;', 10),
(11, 28, 2, 14, 'V 12:00 13:00; V 13:00 14:00;', 11),
(12, 20, 2, 26, 'M 9:00 10:00; J 9:00 10:00;', 12),
(13, 21, 2, 20, 'L 9:00 10:00; M 10:00 11:00; X 9:00 10:00;', 13),
(14, 22, 2, 30, 'L 10:00 11:00; X 10:00 11:00; V 9:00 10:00;', 14),
(15, 23, 2, 34, 'M 13:00 14:00; J 12:00 13:00; J 13:00 14:00;', 15),
(16, 19, 2, 50, 'M 12:00 13:00; J 10:00 11:00; V 10:00 11:00;', 16),
(17, 5, 3, 3, 'J 12:00 13:00; J 13:00 14:00;', 17),
(18, 6, 3, 9, 'M 12:00 13:00; M 13:00 14:00;', 18),
(19, 7, 3, 15, 'L 12:00 13:00; L 13:00 14:00;', 19),
(20, 8, 3, 27, 'X 9:00 10:00; V 9:00 10:00;', 20),
(21, 9, 3, 21, 'M 9:00 10:00; X 10:00 11:00; J 9:00 10:00;', 21),
(22, 12, 3, 31, 'M 10:00 11:00; V 10:00 11:00;', 22),
(23, 15, 3, 35, 'X 13:00 14:00; V 12:00 13:00;', 23),
(24, 17, 3, 37, 'L 9:00 10:00; V 13:00 14:00;', 24),
(25, 10, 3, 51, 'L 10:00 11:00; X 12:00 13:00; J 10:00 11:00;', 25),
(26, 26, 4, 4, 'J 12:00 13:00; J 13:00 14:00;', 26),
(27, 27, 4, 10, 'M 12:00 13:00; M 13:00 14:00;', 27),
(28, 28, 4, 16, 'L 12:00 13:00; L 13:00 14:00;', 28),
(29, 20, 4, 28, 'X 9:00 10:00; V 9:00 10:00;', 29),
(30, 21, 4, 22, 'M 9:00 10:00; X 10:00 11:00; J 9:00 10:00;', 30),
(31, 22, 4, 32, 'M 10:00 11:00; V 10:00 11:00;', 31),
(32, 23, 4, 36, 'X 13:00 14:00; V 12:00 13:00;', 32),
(33, 24, 4, 38, 'L 9:00 10:00; V 13:00 14:00;', 33),
(34, 19, 4, 52, 'L 10:00 11:00; X 12:00 13:00; J 10:00 11:00;', 34),
(35, 5, 5, 5, 'M 12:00 13:00; M 13:00 14:00;', 35),
(36, 6, 5, 11, 'L 12:00 13:00; L 13:00 14:00;', 36),
(37, 7, 5, 17, 'J 12:00 13:00; J 13:00 14:00;', 37),
(38, 13, 5, 39, 'L 9:00 10:00; L 10:00 11:00;', 38),
(39, 9, 5, 23, 'J 10:00 11:00; V 9:00 10:00; V 10:00 11:00;', 39),
(40, 11, 5, 41, 'J 9:00 10:00; V 13:00 14:00;', 40),
(41, 14, 5, 43, 'M 9:00 10:00; M 10:00 11:00;', 41),
(42, 10, 5, 53, 'X 9:00 10:00; X 10:00 11:00;', 42),
(43, 5, 6, 5, 'M 12:00 13:00; M 13:00 14:00;', 43),
(44, 6, 6, 11, 'L 12:00 13:00; L 13:00 14:00;', 44),
(45, 7, 6, 17, 'J 12:00 13:00; J 13:00 14:00;', 45),
(46, 13, 6, 39, 'L 9:00 10:00; L 10:00 11:00;', 46),
(47, 9, 6, 23, 'J 10:00 11:00; V 9:00 10:00; V 10:00 11:00;', 47),
(48, 16, 6, 45, 'J 9:00 10:00; V 13:00 14:00;', 48),
(49, 18, 6, 47, 'M 9:00 10:00; M 10:00 11:00;', 49),
(50, 10, 6, 53, 'X 9:00 10:00; X 10:00 11:00;', 50),
(51, 26, 7, 6, 'M 12:00 13:00; M 13:00 14:00;', 51),
(52, 27, 7, 12, 'L 12:00 13:00; L 13:00 14:00;', 52),
(53, 28, 7, 18, 'J 12:00 13:00; J 13:00 14:00;', 53),
(54, 25, 7, 40, 'L 9:00 10:00; L 10:00 11:00;', 54),
(55, 21, 7, 24, 'J 10:00 11:00; V 9:00 10:00; V 10:00 11:00;', 55),
(56, 11, 7, 42, 'M 9:00 10:00; M 10:00 11:00;', 56),
(57, 14, 7, 44, 'J 9:00 10:00; V 13:00 14:00;', 57),
(58, 19, 7, 54, 'X 9:00 10:00; X 10:00 11:00;', 58),
(59, 26, 8, 6, 'M 12:00 13:00; M 13:00 14:00;', 59),
(60, 27, 8, 12, 'L 12:00 13:00; L 13:00 14:00;', 60),
(61, 28, 8, 18, 'J 12:00 13:00; J 13:00 14:00;', 61),
(62, 25, 8, 40, 'L 9:00 10:00; L 10:00 11:00;', 62),
(63, 21, 8, 24, 'J 10:00 11:00; V 9:00 10:00; V 10:00 11:00;', 63),
(64, 16, 8, 46, 'M 9:00 10:00; M 10:00 11:00;', 64),
(65, 18, 8, 48, 'J 9:00 10:00; V 13:00 14:00;', 65),
(66, 19, 8, 54, 'X 9:00 10:00; X 10:00 11:00;', 66);

--
-- Dumping data for table `gesi_asignaturas`
--

INSERT INTO `gesi_asignaturas` (`id`, `nivel`, `curso_escolar`, `nombre_corto`, `nombre_completo`) VALUES
(1, 1, 2019, 'E1FR', 'Francés ESO 1'),
(2, 2, 2019, 'E2FR', 'Francés ESO 2'),
(3, 3, 2019, 'E3FR', 'Francés ESO 3'),
(4, 4, 2019, 'E4FR', 'Francés ESO 4'),
(5, 5, 2019, 'B1FR', 'Francés Bach. 1'),
(6, 6, 2019, 'B2FR', 'Francés Bach. 2'),
(7, 1, 2019, 'E1IN', 'Inglés ESO 1'),
(8, 2, 2019, 'E2IN', 'Inglés ESO 2'),
(9, 3, 2019, 'E3IN', 'Inglés ESO 3'),
(10, 4, 2019, 'E4IN', 'Inglés ESO 4'),
(11, 5, 2019, 'B1IN', 'Inglés Bach. 1'),
(12, 6, 2019, 'B2IN', 'Inglés Bach. 2'),
(13, 1, 2019, 'E1AL', 'Alemán ESO 1'),
(14, 2, 2019, 'E2AL', 'Alemán ESO 2'),
(15, 3, 2019, 'E3AL', 'Alemán ESO 3'),
(16, 4, 2019, 'E4AL', 'Alemán ESO 4'),
(17, 5, 2019, 'B1AL', 'Alemán Bach. 1'),
(18, 6, 2019, 'B2AL', 'Alemán Bach. 2'),
(19, 1, 2019, 'E1GH', 'Geografía e Historia ESO 1'),
(20, 2, 2019, 'E2GH', 'Geografía e Historia ESO 2'),
(21, 3, 2019, 'E3GH', 'Geografía e Historia ESO 3'),
(22, 4, 2019, 'E4GH', 'Geografía e Historia ESO 4'),
(23, 5, 2019, 'B1GH', 'Geografía e Historia Bach. 1'),
(24, 6, 2019, 'B2GH', 'Geografía e Historia Bach. 2'),
(25, 1, 2019, 'E1EF', 'Educación Física ESO 1'),
(26, 2, 2019, 'E2EF', 'Educación Física ESO 2'),
(27, 3, 2019, 'E3EF', 'Educación Física ESO 3'),
(28, 4, 2019, 'E4EF', 'Educación Física ESO 4'),
(29, 1, 2019, 'E1BG', 'Biología y Geología ESO 1'),
(30, 2, 2019, 'E2BG', 'Biología y Geología ESO 2'),
(31, 3, 2019, 'E3BG', 'Biología y Geología ESO 3'),
(32, 4, 2019, 'E4BG', 'Biología y Geología ESO 4'),
(33, 1, 2019, 'E1MA', 'Matemáticas ESO 1'),
(34, 2, 2019, 'E2MA', 'Matemáticas ESO 2'),
(35, 3, 2019, 'E3MA', 'Matemáticas ESO 3'),
(36, 4, 2019, 'E4MA', 'Matemáticas ESO 4'),
(37, 3, 2019, 'E3FQ', 'Física y Química ESO 3'),
(38, 4, 2019, 'E4FQ', 'Física y Química ESO 4'),
(39, 5, 2019, 'B1FI', 'Filosofía Bach. 1'),
(40, 6, 2019, 'B2FI', 'Filosofía Bach. 2'),
(41, 5, 2019, 'B1TE', 'Tecnología Bach. 1'),
(42, 6, 2019, 'B2TE', 'Tecnología Bach. 2'),
(43, 5, 2019, 'B1DT', 'Dibujo Técnico Bach. 1'),
(44, 6, 2019, 'B2DT', 'Dibujo Técnico Bach. 2'),
(45, 5, 2019, 'B1GL', 'Griego y Latín Bach. 1'),
(46, 6, 2019, 'B2GL', 'Griego y Latín Bach. 2'),
(47, 5, 2019, 'B1MU', 'Música Bach. 1'),
(48, 6, 2019, 'B2MU', 'Música Bach. 2'),
(49, 1, 2019, 'E1LC', 'Lengua castellana y Literatura ESO 1'),
(50, 2, 2019, 'E2LC', 'Lengua castellana y Literatura ESO 2'),
(51, 3, 2019, 'E3LC', 'Lengua castellana y Literatura ESO 3'),
(52, 4, 2019, 'E4LC', 'Lengua castellana y Literatura ESO 4'),
(53, 5, 2019, 'B1LC', 'Lengua castellana y Literatura Bach. 1'),
(54, 6, 2019, 'B2LC', 'Lengua castellana y Literatura Bach. 2');

--
-- Dumping data for table `gesi_foros`
--

INSERT INTO `gesi_foros` (`id`, `nombre`) VALUES
(1, 'Foro Francés ESO 1 (Grupo A ESO 1)'),
(2, 'Foro Inglés ESO 1 (Grupo A ESO 1)'),
(3, 'Foro Alemán ESO 1 (Grupo A ESO 1)'),
(4, 'Foro Educación Física ESO 1 (Grupo A ESO 1)'),
(5, 'Foro Geografía e Historia ESO 1 (Grupo A ESO 1)'),
(6, 'Foro Biología y Geología ESO 1 (Grupo A ESO 1)'),
(7, 'Foro Matemáticas ESO 1 (Grupo A ESO 1)'),
(8, 'Foro Lengua castellana y Literatura ESO 1 (Grupo A ESO 1)'),
(9, 'Foro Francés ESO 2 (Grupo A ESO 2)'),
(10, 'Foro Inglés ESO 2 (Grupo A ESO 2)'),
(11, 'Foro Alemán ESO 2 (Grupo A ESO 2)'),
(12, 'Foro Educación Física ESO 2 (Grupo A ESO 2)'),
(13, 'Foro Geografía e Historia ESO 2 (Grupo A ESO 2)'),
(14, 'Foro Biología y Geología ESO 2 (Grupo A ESO 2)'),
(15, 'Foro Matemáticas ESO 2 (Grupo A ESO 2)'),
(16, 'Foro Lengua castellana y Literatura ESO 2 (Grupo A ESO 2)'),
(17, 'Foro Francés ESO 3 (Grupo A ESO 3)'),
(18, 'Foro Inglés ESO 3 (Grupo A ESO 3)'),
(19, 'Foro Alemán ESO 3 (Grupo A ESO 3)'),
(20, 'Foro Educación Física ESO 3 (Grupo A ESO 3)'),
(21, 'Foro Geografía e Historia ESO 3 (Grupo A ESO 3)'),
(22, 'Foro Biología y Geología ESO 3 (Grupo A ESO 3)'),
(23, 'Foro Matemáticas ESO 3 (Grupo A ESO 3)'),
(24, 'Foro Física y Química ESO 3 (Grupo A ESO 3)'),
(25, 'Foro Lengua castellana y Literatura ESO 3 (Grupo A ESO 3)'),
(26, 'Foro Francés ESO 4 (Grupo A ESO 4)'),
(27, 'Foro Inglés ESO 4 (Grupo A ESO 4)'),
(28, 'Foro Alemán ESO 4 (Grupo A ESO 4)'),
(29, 'Foro Educación Física ESO 4 (Grupo A ESO 4)'),
(30, 'Foro Geografía e Historia ESO 4 (Grupo A ESO 4)'),
(31, 'Foro Biología y Geología ESO 4 (Grupo A ESO 4)'),
(32, 'Foro Matemáticas ESO 4 (Grupo A ESO 4)'),
(33, 'Foro Física y Química ESO 4 (Grupo A ESO 4)'),
(34, 'Foro Lengua castellana y Literatura ESO 4 (Grupo A ESO 4)'),
(35, 'Foro Francés Bach. 1 (Grupo A Bach. 1)'),
(36, 'Foro Inglés Bach. 1 (Grupo A Bach. 1)'),
(37, 'Foro Alemán Bach. 1 (Grupo A Bach. 1)'),
(38, 'Foro Filosofía Bach. 1 (Grupo A Bach. 1)'),
(39, 'Foro Geografía e Historia Bach. 1 (Grupo A Bach. 1)'),
(40, 'Foro Tecnología Bach. 1 (Grupo A Bach. 1)'),
(41, 'Foro Dibujo Técnico Bach. 1 (Grupo A Bach. 1)'),
(42, 'Foro Lengua castellana y Literatura Bach. 1 (Grupo A Bach. 1)'),
(43, 'Foro Francés Bach. 1 (Grupo B Bach. 1)'),
(44, 'Foro Inglés Bach. 1 (Grupo B Bach. 1)'),
(45, 'Foro Alemán Bach. 1 (Grupo B Bach. 1)'),
(46, 'Foro Filosofía Bach. 1 (Grupo B Bach. 1)'),
(47, 'Foro Geografía e Historia Bach. 1 (Grupo B Bach. 1)'),
(48, 'Foro Griego y Latín Bach. 1 (Grupo B Bach. 1)'),
(49, 'Foro Música Bach. 1 (Grupo B Bach. 1)'),
(50, 'Foro Lengua castellana y Literatura Bach. 1 (Grupo B Bach. 1)'),
(51, 'Foro Francés Bach. 2 (Grupo A Bach. 2)'),
(52, 'Foro Inglés Bach. 2 (Grupo A Bach. 2)'),
(53, 'Foro Alemán Bach. 2 (Grupo A Bach. 2)'),
(54, 'Foro Filosofía Bach. 2 (Grupo A Bach. 2)'),
(55, 'Foro Geografía e Historia Bach. 2 (Grupo A Bach. 2)'),
(56, 'Foro Tecnología Bach. 2 (Grupo A Bach. 2)'),
(57, 'Foro Dibujo Técnico Bach. 2 (Grupo A Bach. 2)'),
(58, 'Foro Lengua castellana y Literatura Bach. 2 (Grupo A Bach. 2)'),
(59, 'Foro Francés Bach. 2 (Grupo B Bach. 2)'),
(60, 'Foro Inglés Bach. 2 (Grupo B Bach. 2)'),
(61, 'Foro Alemán Bach. 2 (Grupo B Bach. 2)'),
(62, 'Foro Filosofía Bach. 2 (Grupo B Bach. 2)'),
(63, 'Foro Geografía e Historia Bach. 2 (Grupo B Bach. 2)'),
(64, 'Foro Griego y Latín Bach. 2 (Grupo B Bach. 2)'),
(65, 'Foro Música Bach. 2 (Grupo B Bach. 2)'),
(66, 'Foro Lengua castellana y Literatura Bach. 2 (Grupo B Bach. 2)');

--
-- Dumping data for table `gesi_grupos`
--

INSERT INTO `gesi_grupos` (`id`, `nivel`, `curso_escolar`, `nombre_corto`, `nombre_completo`, `tutor`) VALUES
(1, 1, 2019, 'E1A', 'Grupo A ESO 1', 5),
(2, 2, 2019, 'E2A', 'Grupo A ESO 2', 26),
(3, 3, 2019, 'E3A', 'Grupo A ESO 3', 6),
(4, 4, 2019, 'E4A', 'Grupo A ESO 4', 27),
(5, 5, 2019, 'B1A', 'Grupo A Bach. 1', 11),
(6, 5, 2019, 'B1B', 'Grupo B Bach. 1', 14),
(7, 6, 2019, 'B1A', 'Grupo A Bach. 2', 16),
(8, 6, 2019, 'B1B', 'Grupo B Bach. 2', 18);

--
-- Dumping data for table `gesi_mensajes_foros`
--

INSERT INTO `gesi_mensajes_foros` (`id`, `foro`, `padre`, `usuario`, `fecha`, `contenido`) VALUES
(1, 1, NULL, 5, '2019-09-10 12:01:23', '¡Hola!\nOs doy la bienvenida al foro de Francés ESO 1 (Grupo A ESO 1).\nAquí pondré los recursos de la asignatura.\n¡Ánimo!'),
(2, 2, NULL, 6, '2019-09-06 12:37:21', '¡Hola!\nOs doy la bienvenida al foro de Inglés ESO 1 (Grupo A ESO 1).\nAquí pondré los recursos de la asignatura.\n¡Ánimo!'),
(3, 3, NULL, 7, '2019-09-03 20:23:16', '¡Hola!\nOs doy la bienvenida al foro de Alemán ESO 1 (Grupo A ESO 1).\nAquí pondré los recursos de la asignatura.\n¡Ánimo!'),
(4, 4, NULL, 8, '2019-09-16 04:03:02', '¡Hola!\nOs doy la bienvenida al foro de Educación Física ESO 1 (Grupo A ESO 1).\nAquí pondré los recursos de la asignatura.\n¡Ánimo!'),
(5, 5, NULL, 9, '2019-09-16 17:57:49', '¡Hola!\nOs doy la bienvenida al foro de Geografía e Historia ESO 1 (Grupo A ESO 1).\nAquí pondré los recursos de la asignatura.\n¡Ánimo!'),
(6, 6, NULL, 12, '2019-09-21 04:45:45', '¡Hola!\nOs doy la bienvenida al foro de Biología y Geología ESO 1 (Grupo A ESO 1).\nAquí pondré los recursos de la asignatura.\n¡Ánimo!'),
(7, 7, NULL, 15, '2019-09-10 02:03:05', '¡Hola!\nOs doy la bienvenida al foro de Matemáticas ESO 1 (Grupo A ESO 1).\nAquí pondré los recursos de la asignatura.\n¡Ánimo!'),
(8, 8, NULL, 10, '2019-09-14 04:34:33', '¡Hola!\nOs doy la bienvenida al foro de Lengua castellana y Literatura ESO 1 (Grupo A ESO 1).\nAquí pondré los recursos de la asignatura.\n¡Ánimo!'),
(9, 9, NULL, 26, '2019-09-07 11:29:51', '¡Hola!\nOs doy la bienvenida al foro de Francés ESO 2 (Grupo A ESO 2).\nAquí pondré los recursos de la asignatura.\n¡Ánimo!'),
(10, 10, NULL, 27, '2019-09-08 01:53:52', '¡Hola!\nOs doy la bienvenida al foro de Inglés ESO 2 (Grupo A ESO 2).\nAquí pondré los recursos de la asignatura.\n¡Ánimo!'),
(11, 11, NULL, 28, '2019-09-06 16:04:09', '¡Hola!\nOs doy la bienvenida al foro de Alemán ESO 2 (Grupo A ESO 2).\nAquí pondré los recursos de la asignatura.\n¡Ánimo!'),
(12, 12, NULL, 20, '2019-09-12 03:10:26', '¡Hola!\nOs doy la bienvenida al foro de Educación Física ESO 2 (Grupo A ESO 2).\nAquí pondré los recursos de la asignatura.\n¡Ánimo!'),
(13, 13, NULL, 21, '2019-09-02 12:02:33', '¡Hola!\nOs doy la bienvenida al foro de Geografía e Historia ESO 2 (Grupo A ESO 2).\nAquí pondré los recursos de la asignatura.\n¡Ánimo!'),
(14, 14, NULL, 22, '2019-09-10 00:32:47', '¡Hola!\nOs doy la bienvenida al foro de Biología y Geología ESO 2 (Grupo A ESO 2).\nAquí pondré los recursos de la asignatura.\n¡Ánimo!'),
(15, 15, NULL, 23, '2019-09-29 09:27:37', '¡Hola!\nOs doy la bienvenida al foro de Matemáticas ESO 2 (Grupo A ESO 2).\nAquí pondré los recursos de la asignatura.\n¡Ánimo!'),
(16, 16, NULL, 19, '2019-09-12 16:16:11', '¡Hola!\nOs doy la bienvenida al foro de Lengua castellana y Literatura ESO 2 (Grupo A ESO 2).\nAquí pondré los recursos de la asignatura.\n¡Ánimo!'),
(17, 17, NULL, 5, '2019-09-22 09:59:01', '¡Hola!\nOs doy la bienvenida al foro de Francés ESO 3 (Grupo A ESO 3).\nAquí pondré los recursos de la asignatura.\n¡Ánimo!'),
(18, 18, NULL, 6, '2019-09-21 15:48:45', '¡Hola!\nOs doy la bienvenida al foro de Inglés ESO 3 (Grupo A ESO 3).\nAquí pondré los recursos de la asignatura.\n¡Ánimo!'),
(19, 19, NULL, 7, '2019-09-28 05:35:31', '¡Hola!\nOs doy la bienvenida al foro de Alemán ESO 3 (Grupo A ESO 3).\nAquí pondré los recursos de la asignatura.\n¡Ánimo!'),
(20, 20, NULL, 8, '2019-09-19 12:21:00', '¡Hola!\nOs doy la bienvenida al foro de Educación Física ESO 3 (Grupo A ESO 3).\nAquí pondré los recursos de la asignatura.\n¡Ánimo!'),
(21, 21, NULL, 9, '2019-09-16 18:49:49', '¡Hola!\nOs doy la bienvenida al foro de Geografía e Historia ESO 3 (Grupo A ESO 3).\nAquí pondré los recursos de la asignatura.\n¡Ánimo!'),
(22, 22, NULL, 12, '2019-09-27 02:59:21', '¡Hola!\nOs doy la bienvenida al foro de Biología y Geología ESO 3 (Grupo A ESO 3).\nAquí pondré los recursos de la asignatura.\n¡Ánimo!'),
(23, 23, NULL, 15, '2019-09-03 06:37:48', '¡Hola!\nOs doy la bienvenida al foro de Matemáticas ESO 3 (Grupo A ESO 3).\nAquí pondré los recursos de la asignatura.\n¡Ánimo!'),
(24, 24, NULL, 17, '2019-09-25 22:33:46', '¡Hola!\nOs doy la bienvenida al foro de Física y Química ESO 3 (Grupo A ESO 3).\nAquí pondré los recursos de la asignatura.\n¡Ánimo!'),
(25, 25, NULL, 10, '2019-09-22 14:25:53', '¡Hola!\nOs doy la bienvenida al foro de Lengua castellana y Literatura ESO 3 (Grupo A ESO 3).\nAquí pondré los recursos de la asignatura.\n¡Ánimo!'),
(26, 26, NULL, 26, '2019-09-26 16:29:29', '¡Hola!\nOs doy la bienvenida al foro de Francés ESO 4 (Grupo A ESO 4).\nAquí pondré los recursos de la asignatura.\n¡Ánimo!'),
(27, 27, NULL, 27, '2019-09-26 15:34:13', '¡Hola!\nOs doy la bienvenida al foro de Inglés ESO 4 (Grupo A ESO 4).\nAquí pondré los recursos de la asignatura.\n¡Ánimo!'),
(28, 28, NULL, 28, '2019-09-10 13:11:26', '¡Hola!\nOs doy la bienvenida al foro de Alemán ESO 4 (Grupo A ESO 4).\nAquí pondré los recursos de la asignatura.\n¡Ánimo!'),
(29, 29, NULL, 20, '2019-09-05 09:34:27', '¡Hola!\nOs doy la bienvenida al foro de Educación Física ESO 4 (Grupo A ESO 4).\nAquí pondré los recursos de la asignatura.\n¡Ánimo!'),
(30, 30, NULL, 21, '2019-09-21 07:29:30', '¡Hola!\nOs doy la bienvenida al foro de Geografía e Historia ESO 4 (Grupo A ESO 4).\nAquí pondré los recursos de la asignatura.\n¡Ánimo!'),
(31, 31, NULL, 22, '2019-09-12 22:22:33', '¡Hola!\nOs doy la bienvenida al foro de Biología y Geología ESO 4 (Grupo A ESO 4).\nAquí pondré los recursos de la asignatura.\n¡Ánimo!'),
(32, 32, NULL, 23, '2019-09-01 17:31:56', '¡Hola!\nOs doy la bienvenida al foro de Matemáticas ESO 4 (Grupo A ESO 4).\nAquí pondré los recursos de la asignatura.\n¡Ánimo!'),
(33, 33, NULL, 24, '2019-09-15 19:29:50', '¡Hola!\nOs doy la bienvenida al foro de Física y Química ESO 4 (Grupo A ESO 4).\nAquí pondré los recursos de la asignatura.\n¡Ánimo!'),
(34, 34, NULL, 19, '2019-09-27 05:54:10', '¡Hola!\nOs doy la bienvenida al foro de Lengua castellana y Literatura ESO 4 (Grupo A ESO 4).\nAquí pondré los recursos de la asignatura.\n¡Ánimo!'),
(35, 35, NULL, 5, '2019-09-23 06:38:47', '¡Hola!\nOs doy la bienvenida al foro de Francés Bach. 1 (Grupo A Bach. 1).\nAquí pondré los recursos de la asignatura.\n¡Ánimo!'),
(36, 36, NULL, 6, '2019-09-18 01:03:11', '¡Hola!\nOs doy la bienvenida al foro de Inglés Bach. 1 (Grupo A Bach. 1).\nAquí pondré los recursos de la asignatura.\n¡Ánimo!'),
(37, 37, NULL, 7, '2019-09-04 09:06:54', '¡Hola!\nOs doy la bienvenida al foro de Alemán Bach. 1 (Grupo A Bach. 1).\nAquí pondré los recursos de la asignatura.\n¡Ánimo!'),
(38, 38, NULL, 13, '2019-09-11 18:06:37', '¡Hola!\nOs doy la bienvenida al foro de Filosofía Bach. 1 (Grupo A Bach. 1).\nAquí pondré los recursos de la asignatura.\n¡Ánimo!'),
(39, 39, NULL, 9, '2019-09-27 02:53:42', '¡Hola!\nOs doy la bienvenida al foro de Geografía e Historia Bach. 1 (Grupo A Bach. 1).\nAquí pondré los recursos de la asignatura.\n¡Ánimo!'),
(40, 40, NULL, 11, '2019-09-11 05:55:49', '¡Hola!\nOs doy la bienvenida al foro de Tecnología Bach. 1 (Grupo A Bach. 1).\nAquí pondré los recursos de la asignatura.\n¡Ánimo!'),
(41, 41, NULL, 14, '2019-09-15 02:06:34', '¡Hola!\nOs doy la bienvenida al foro de Dibujo Técnico Bach. 1 (Grupo A Bach. 1).\nAquí pondré los recursos de la asignatura.\n¡Ánimo!'),
(42, 42, NULL, 10, '2019-09-20 12:12:40', '¡Hola!\nOs doy la bienvenida al foro de Lengua castellana y Literatura Bach. 1 (Grupo A Bach. 1).\nAquí pondré los recursos de la asignatura.\n¡Ánimo!'),
(43, 43, NULL, 5, '2019-09-28 23:53:11', '¡Hola!\nOs doy la bienvenida al foro de Francés Bach. 1 (Grupo B Bach. 1).\nAquí pondré los recursos de la asignatura.\n¡Ánimo!'),
(44, 44, NULL, 6, '2019-09-21 14:56:20', '¡Hola!\nOs doy la bienvenida al foro de Inglés Bach. 1 (Grupo B Bach. 1).\nAquí pondré los recursos de la asignatura.\n¡Ánimo!'),
(45, 45, NULL, 7, '2019-09-06 10:54:51', '¡Hola!\nOs doy la bienvenida al foro de Alemán Bach. 1 (Grupo B Bach. 1).\nAquí pondré los recursos de la asignatura.\n¡Ánimo!'),
(46, 46, NULL, 13, '2019-09-20 02:04:57', '¡Hola!\nOs doy la bienvenida al foro de Filosofía Bach. 1 (Grupo B Bach. 1).\nAquí pondré los recursos de la asignatura.\n¡Ánimo!'),
(47, 47, NULL, 9, '2019-09-20 18:52:07', '¡Hola!\nOs doy la bienvenida al foro de Geografía e Historia Bach. 1 (Grupo B Bach. 1).\nAquí pondré los recursos de la asignatura.\n¡Ánimo!'),
(48, 48, NULL, 16, '2019-09-06 17:51:13', '¡Hola!\nOs doy la bienvenida al foro de Griego y Latín Bach. 1 (Grupo B Bach. 1).\nAquí pondré los recursos de la asignatura.\n¡Ánimo!'),
(49, 49, NULL, 18, '2019-09-12 00:34:30', '¡Hola!\nOs doy la bienvenida al foro de Música Bach. 1 (Grupo B Bach. 1).\nAquí pondré los recursos de la asignatura.\n¡Ánimo!'),
(50, 50, NULL, 10, '2019-09-17 21:14:48', '¡Hola!\nOs doy la bienvenida al foro de Lengua castellana y Literatura Bach. 1 (Grupo B Bach. 1).\nAquí pondré los recursos de la asignatura.\n¡Ánimo!'),
(51, 51, NULL, 26, '2019-09-28 02:59:47', '¡Hola!\nOs doy la bienvenida al foro de Francés Bach. 2 (Grupo A Bach. 2).\nAquí pondré los recursos de la asignatura.\n¡Ánimo!'),
(52, 52, NULL, 27, '2019-09-06 13:00:28', '¡Hola!\nOs doy la bienvenida al foro de Inglés Bach. 2 (Grupo A Bach. 2).\nAquí pondré los recursos de la asignatura.\n¡Ánimo!'),
(53, 53, NULL, 28, '2019-09-15 02:59:56', '¡Hola!\nOs doy la bienvenida al foro de Alemán Bach. 2 (Grupo A Bach. 2).\nAquí pondré los recursos de la asignatura.\n¡Ánimo!'),
(54, 54, NULL, 25, '2019-09-28 08:14:51', '¡Hola!\nOs doy la bienvenida al foro de Filosofía Bach. 2 (Grupo A Bach. 2).\nAquí pondré los recursos de la asignatura.\n¡Ánimo!'),
(55, 55, NULL, 21, '2019-09-05 08:15:28', '¡Hola!\nOs doy la bienvenida al foro de Geografía e Historia Bach. 2 (Grupo A Bach. 2).\nAquí pondré los recursos de la asignatura.\n¡Ánimo!'),
(56, 56, NULL, 11, '2019-09-21 08:57:09', '¡Hola!\nOs doy la bienvenida al foro de Tecnología Bach. 2 (Grupo A Bach. 2).\nAquí pondré los recursos de la asignatura.\n¡Ánimo!'),
(57, 57, NULL, 14, '2019-09-05 08:36:43', '¡Hola!\nOs doy la bienvenida al foro de Dibujo Técnico Bach. 2 (Grupo A Bach. 2).\nAquí pondré los recursos de la asignatura.\n¡Ánimo!'),
(58, 58, NULL, 19, '2019-09-23 00:01:35', '¡Hola!\nOs doy la bienvenida al foro de Lengua castellana y Literatura Bach. 2 (Grupo A Bach. 2).\nAquí pondré los recursos de la asignatura.\n¡Ánimo!'),
(59, 59, NULL, 26, '2019-09-29 13:32:45', '¡Hola!\nOs doy la bienvenida al foro de Francés Bach. 2 (Grupo B Bach. 2).\nAquí pondré los recursos de la asignatura.\n¡Ánimo!'),
(60, 60, NULL, 27, '2019-09-03 09:15:21', '¡Hola!\nOs doy la bienvenida al foro de Inglés Bach. 2 (Grupo B Bach. 2).\nAquí pondré los recursos de la asignatura.\n¡Ánimo!'),
(61, 61, NULL, 28, '2019-09-12 11:43:10', '¡Hola!\nOs doy la bienvenida al foro de Alemán Bach. 2 (Grupo B Bach. 2).\nAquí pondré los recursos de la asignatura.\n¡Ánimo!'),
(62, 62, NULL, 25, '2019-09-05 22:40:50', '¡Hola!\nOs doy la bienvenida al foro de Filosofía Bach. 2 (Grupo B Bach. 2).\nAquí pondré los recursos de la asignatura.\n¡Ánimo!'),
(63, 63, NULL, 21, '2019-09-12 00:00:45', '¡Hola!\nOs doy la bienvenida al foro de Geografía e Historia Bach. 2 (Grupo B Bach. 2).\nAquí pondré los recursos de la asignatura.\n¡Ánimo!'),
(64, 64, NULL, 16, '2019-09-11 20:24:26', '¡Hola!\nOs doy la bienvenida al foro de Griego y Latín Bach. 2 (Grupo B Bach. 2).\nAquí pondré los recursos de la asignatura.\n¡Ánimo!'),
(65, 65, NULL, 18, '2019-09-15 14:53:23', '¡Hola!\nOs doy la bienvenida al foro de Música Bach. 2 (Grupo B Bach. 2).\nAquí pondré los recursos de la asignatura.\n¡Ánimo!'),
(66, 66, NULL, 19, '2019-09-14 00:53:49', '¡Hola!\nOs doy la bienvenida al foro de Lengua castellana y Literatura Bach. 2 (Grupo B Bach. 2).\nAquí pondré los recursos de la asignatura.\n¡Ánimo!');

--
-- Dumping data for table `gesi_mensajes_secretaria`
--

INSERT INTO `gesi_mensajes_secretaria` (`id`, `usuario`, `from_nombre`, `from_email`, `from_telefono`, `fecha`, `contenido`) VALUES
(1, 61, NULL, NULL, NULL, '2019-11-30 15:39:58', 'Team-oriented methodical open architecture'),
(2, 46, NULL, NULL, NULL, '2020-04-25 01:23:22', 'Profound client-driven knowledge base'),
(3, 50, NULL, NULL, NULL, '2019-05-03 10:32:46', 'De-engineered bandwidth-monitored productivity'),
(4, 56, NULL, NULL, NULL, '2020-03-26 10:53:41', 'Profit-focused 4th generation core'),
(5, 93, NULL, NULL, NULL, '2019-02-20 05:08:23', 'Optimized intermediate protocol'),
(6, 36, NULL, NULL, NULL, '2020-01-14 18:20:11', 'Devolved next generation initiative'),
(7, 55, NULL, NULL, NULL, '2019-06-21 00:51:21', 'De-engineered neutral orchestration'),
(8, 63, NULL, NULL, NULL, '2019-08-09 10:54:51', 'Team-oriented secondary Graphic Interface'),
(9, 30, NULL, NULL, NULL, '2019-11-03 21:28:47', 'Adaptive regional definition'),
(10, 58, NULL, NULL, NULL, '2020-02-24 02:38:11', 'Quality-focused client-server database'),
(11, 84, NULL, NULL, NULL, '2019-06-21 01:18:30', 'Switchable well-modulated utilisation'),
(12, 60, NULL, NULL, NULL, '2019-03-18 23:34:30', 'Persistent fault-tolerant portal'),
(13, 79, NULL, NULL, NULL, '2019-11-14 08:47:52', 'Cross-group zero tolerance process improvement'),
(14, 47, NULL, NULL, NULL, '2019-07-24 18:11:40', 'Optional next generation functionalities'),
(15, 31, NULL, NULL, NULL, '2019-03-25 01:07:37', 'Centralized asynchronous knowledge base'),
(16, 73, NULL, NULL, NULL, '2019-10-16 12:18:01', 'Quality-focused 6th generation firmware'),
(17, 48, NULL, NULL, NULL, '2020-03-18 02:24:36', 'Business-focused intermediate workforce'),
(18, 67, NULL, NULL, NULL, '2020-03-22 01:40:10', 'Sharable global capacity'),
(19, 94, NULL, NULL, NULL, '2019-07-02 19:06:20', 'Robust regional firmware'),
(20, 62, NULL, NULL, NULL, '2020-01-06 14:44:12', 'Synergized 24 hour archive'),
(21, 84, NULL, NULL, NULL, '2019-07-20 19:56:56', 'Synchronised optimizing software'),
(22, 65, NULL, NULL, NULL, '2019-02-25 18:06:49', 'User-centric reciprocal challenge'),
(23, 87, NULL, NULL, NULL, '2019-09-18 05:12:16', 'Synergized needs-based middleware'),
(24, 44, NULL, NULL, NULL, '2019-10-13 12:26:33', 'Re-engineered next generation process improvement'),
(25, 56, NULL, NULL, NULL, '2019-03-26 05:36:55', 'Object-based multi-state local area network'),
(26, 80, NULL, NULL, NULL, '2019-04-26 13:46:41', 'Versatile web-enabled leverage'),
(27, 95, NULL, NULL, NULL, '2019-04-21 08:27:10', 'Open-source 24 hour infrastructure'),
(28, 88, NULL, NULL, NULL, '2019-07-04 23:40:43', 'Assimilated disintermediate throughput'),
(29, 81, NULL, NULL, NULL, '2019-10-25 01:55:08', 'Focused 6th generation software'),
(30, 56, NULL, NULL, NULL, '2019-10-21 05:36:47', 'Ameliorated modular groupware'),
(31, 75, NULL, NULL, NULL, '2019-03-18 05:58:19', 'Managed modular matrices'),
(32, 51, NULL, NULL, NULL, '2019-08-26 15:17:44', 'Right-sized value-added firmware'),
(33, 56, NULL, NULL, NULL, '2019-08-20 03:28:17', 'Profound upward-trending concept'),
(34, 94, NULL, NULL, NULL, '2020-03-21 05:56:53', 'Right-sized incremental core'),
(35, 43, NULL, NULL, NULL, '2020-02-21 03:36:46', 'Reverse-engineered incremental analyzer'),
(36, 97, NULL, NULL, NULL, '2019-06-08 14:35:05', 'Networked encompassing open system'),
(37, 62, NULL, NULL, NULL, '2019-06-05 07:58:37', 'Extended systemic artificial intelligence'),
(38, 69, NULL, NULL, NULL, '2020-05-20 13:53:32', 'Multi-channelled 3rd generation function'),
(39, 86, NULL, NULL, NULL, '2020-03-01 03:14:40', 'Down-sized bandwidth-monitored concept'),
(40, 76, NULL, NULL, NULL, '2019-10-10 11:46:01', 'Virtual logistical budgetary management'),
(41, 90, NULL, NULL, NULL, '2019-07-23 06:19:09', 'Centralized scalable moderator'),
(42, 86, NULL, NULL, NULL, '2019-12-02 02:56:24', 'Polarised intangible benchmark'),
(43, 52, NULL, NULL, NULL, '2020-04-01 07:28:42', 'Right-sized optimal initiative'),
(44, 41, NULL, NULL, NULL, '2019-05-20 11:51:41', 'Horizontal local standardization'),
(45, 64, NULL, NULL, NULL, '2019-03-31 06:44:22', 'Extended client-driven archive'),
(46, 51, NULL, NULL, NULL, '2020-01-16 03:31:07', 'Organic didactic project'),
(47, 36, NULL, NULL, NULL, '2020-05-06 20:26:05', 'Total full-range application'),
(48, 86, NULL, NULL, NULL, '2019-09-28 08:25:16', 'Versatile web-enabled functionalities'),
(49, 50, NULL, NULL, NULL, '2019-09-24 04:22:14', 'Pre-emptive maximized functionalities'),
(50, 84, NULL, NULL, NULL, '2020-03-10 18:17:31', 'Vision-oriented value-added conglomeration'),
(51, 53, NULL, NULL, NULL, '2019-10-18 01:33:34', 'Diverse optimizing attitude'),
(52, 88, NULL, NULL, NULL, '2019-06-17 06:59:39', 'Sharable client-driven synergy'),
(53, 63, NULL, NULL, NULL, '2019-04-16 06:34:33', 'Streamlined zero tolerance knowledge user'),
(54, 58, NULL, NULL, NULL, '2019-09-30 21:24:22', 'Ameliorated executive service-desk'),
(55, 40, NULL, NULL, NULL, '2019-07-07 15:21:45', 'Re-engineered value-added intranet'),
(56, 75, NULL, NULL, NULL, '2020-05-29 05:28:46', 'Enhanced scalable budgetary management'),
(57, 84, NULL, NULL, NULL, '2019-09-06 02:25:12', 'De-engineered bandwidth-monitored toolset'),
(58, 33, NULL, NULL, NULL, '2020-02-12 07:48:03', 'Networked solution-oriented parallelism'),
(59, 30, NULL, NULL, NULL, '2019-11-10 16:19:36', 'Synergistic system-worthy product'),
(60, 74, NULL, NULL, NULL, '2019-11-05 03:19:30', 'Versatile fault-tolerant hardware'),
(61, 90, NULL, NULL, NULL, '2020-03-07 21:39:11', 'Switchable modular firmware'),
(62, 94, NULL, NULL, NULL, '2020-05-27 23:53:49', 'Assimilated radical collaboration'),
(63, 99, NULL, NULL, NULL, '2020-03-24 03:13:23', 'Enterprise-wide demand-driven methodology'),
(64, 58, NULL, NULL, NULL, '2019-09-29 17:01:36', 'Vision-oriented dedicated concept'),
(65, 78, NULL, NULL, NULL, '2020-04-18 15:00:06', 'Grass-roots interactive functionalities'),
(66, 68, NULL, NULL, NULL, '2020-01-05 12:10:34', 'Integrated motivating hierarchy'),
(67, 83, NULL, NULL, NULL, '2019-02-23 16:18:03', 'Expanded executive challenge'),
(68, 63, NULL, NULL, NULL, '2020-04-02 01:18:26', 'Adaptive high-level system engine'),
(69, 90, NULL, NULL, NULL, '2019-08-20 10:29:47', 'Robust logistical protocol'),
(70, 99, NULL, NULL, NULL, '2019-04-16 07:40:48', 'Networked exuding capacity'),
(71, 50, NULL, NULL, NULL, '2019-11-03 05:30:38', 'Reactive bifurcated workforce'),
(72, 65, NULL, NULL, NULL, '2020-05-16 10:19:35', 'Optimized asynchronous superstructure'),
(73, 58, NULL, NULL, NULL, '2020-05-20 21:13:48', 'Vision-oriented 5th generation software'),
(74, 84, NULL, NULL, NULL, '2019-03-18 01:23:54', 'Enterprise-wide national concept'),
(75, 61, NULL, NULL, NULL, '2019-09-19 02:33:41', 'Progressive real-time intranet'),
(76, 72, NULL, NULL, NULL, '2020-04-25 01:52:29', 'Optional multi-state knowledge base'),
(77, 32, NULL, NULL, NULL, '2019-08-25 18:53:41', 'Diverse national algorithm'),
(78, 83, NULL, NULL, NULL, '2019-11-06 00:26:26', 'Decentralized methodical ability'),
(79, 49, NULL, NULL, NULL, '2019-08-07 21:46:03', 'Switchable heuristic structure'),
(80, 53, NULL, NULL, NULL, '2019-11-03 15:07:35', 'Enterprise-wide secondary instruction set'),
(81, 98, NULL, NULL, NULL, '2019-10-08 23:09:09', 'Open-architected clear-thinking utilisation'),
(82, 70, NULL, NULL, NULL, '2019-09-19 13:12:18', 'Devolved incremental parallelism'),
(83, 51, NULL, NULL, NULL, '2019-03-31 10:55:23', 'Innovative explicit emulation'),
(84, 92, NULL, NULL, NULL, '2019-07-14 12:11:22', 'Enterprise-wide bandwidth-monitored conglomeration'),
(85, 55, NULL, NULL, NULL, '2019-10-31 23:50:19', 'Inverse incremental data-warehouse'),
(86, 47, NULL, NULL, NULL, '2019-07-08 23:24:28', 'Inverse demand-driven alliance'),
(87, 29, NULL, NULL, NULL, '2019-06-09 14:02:10', 'Customizable logistical capacity'),
(88, 96, NULL, NULL, NULL, '2020-04-22 03:46:09', 'Fully-configurable systematic core'),
(89, 90, NULL, NULL, NULL, '2019-11-04 10:25:58', 'Pre-emptive optimizing protocol'),
(90, 61, NULL, NULL, NULL, '2019-02-20 06:14:27', 'Progressive context-sensitive internet solution'),
(91, 53, NULL, NULL, NULL, '2020-03-28 07:49:20', 'Visionary bifurcated extranet'),
(92, 60, NULL, NULL, NULL, '2020-01-23 16:08:11', 'Fundamental methodical implementation'),
(93, 32, NULL, NULL, NULL, '2020-04-29 03:03:31', 'Reduced system-worthy access'),
(94, 50, NULL, NULL, NULL, '2019-08-08 05:15:48', 'Open-architected optimal analyzer'),
(95, 45, NULL, NULL, NULL, '2019-09-21 03:02:49', 'Organized fresh-thinking installation'),
(96, 80, NULL, NULL, NULL, '2019-06-17 16:57:26', 'Centralized responsive ability'),
(97, 29, NULL, NULL, NULL, '2019-12-22 07:27:52', 'Re-contextualized tertiary concept'),
(98, 51, NULL, NULL, NULL, '2019-11-28 20:53:40', 'Face to face eco-centric initiative'),
(99, 73, NULL, NULL, NULL, '2019-09-18 15:26:09', 'Virtual real-time core'),
(100, 30, NULL, NULL, NULL, '2019-04-19 04:16:37', 'Object-based bi-directional Graphical User Interface'),
(101, 61, NULL, NULL, NULL, '2019-11-30 15:39:58', 'Team-oriented methodical open architecture'),
(102, 46, NULL, NULL, NULL, '2020-04-25 01:23:22', 'Profound client-driven knowledge base'),
(103, 50, NULL, NULL, NULL, '2019-05-03 10:32:46', 'De-engineered bandwidth-monitored productivity'),
(104, 56, NULL, NULL, NULL, '2020-03-26 10:53:41', 'Profit-focused 4th generation core'),
(105, 93, NULL, NULL, NULL, '2019-02-20 05:08:23', 'Optimized intermediate protocol'),
(106, 36, NULL, NULL, NULL, '2020-01-14 18:20:11', 'Devolved next generation initiative'),
(107, 55, NULL, NULL, NULL, '2019-06-21 00:51:21', 'De-engineered neutral orchestration'),
(108, 63, NULL, NULL, NULL, '2019-08-09 10:54:51', 'Team-oriented secondary Graphic Interface'),
(109, 30, NULL, NULL, NULL, '2019-11-03 21:28:47', 'Adaptive regional definition'),
(110, 58, NULL, NULL, NULL, '2020-02-24 02:38:11', 'Quality-focused client-server database'),
(111, 84, NULL, NULL, NULL, '2019-06-21 01:18:30', 'Switchable well-modulated utilisation'),
(112, 60, NULL, NULL, NULL, '2019-03-18 23:34:30', 'Persistent fault-tolerant portal'),
(113, 79, NULL, NULL, NULL, '2019-11-14 08:47:52', 'Cross-group zero tolerance process improvement'),
(114, 47, NULL, NULL, NULL, '2019-07-24 18:11:40', 'Optional next generation functionalities'),
(115, 31, NULL, NULL, NULL, '2019-03-25 01:07:37', 'Centralized asynchronous knowledge base'),
(116, 73, NULL, NULL, NULL, '2019-10-16 12:18:01', 'Quality-focused 6th generation firmware'),
(117, 48, NULL, NULL, NULL, '2020-03-18 02:24:36', 'Business-focused intermediate workforce'),
(118, 67, NULL, NULL, NULL, '2020-03-22 01:40:10', 'Sharable global capacity'),
(119, 94, NULL, NULL, NULL, '2019-07-02 19:06:20', 'Robust regional firmware'),
(120, 62, NULL, NULL, NULL, '2020-01-06 14:44:12', 'Synergized 24 hour archive'),
(121, 84, NULL, NULL, NULL, '2019-07-20 19:56:56', 'Synchronised optimizing software'),
(122, 65, NULL, NULL, NULL, '2019-02-25 18:06:49', 'User-centric reciprocal challenge'),
(123, 87, NULL, NULL, NULL, '2019-09-18 05:12:16', 'Synergized needs-based middleware'),
(124, 44, NULL, NULL, NULL, '2019-10-13 12:26:33', 'Re-engineered next generation process improvement'),
(125, 56, NULL, NULL, NULL, '2019-03-26 05:36:55', 'Object-based multi-state local area network'),
(126, 80, NULL, NULL, NULL, '2019-04-26 13:46:41', 'Versatile web-enabled leverage'),
(127, 95, NULL, NULL, NULL, '2019-04-21 08:27:10', 'Open-source 24 hour infrastructure'),
(128, 88, NULL, NULL, NULL, '2019-07-04 23:40:43', 'Assimilated disintermediate throughput'),
(129, 81, NULL, NULL, NULL, '2019-10-25 01:55:08', 'Focused 6th generation software'),
(130, 56, NULL, NULL, NULL, '2019-10-21 05:36:47', 'Ameliorated modular groupware'),
(131, 75, NULL, NULL, NULL, '2019-03-18 05:58:19', 'Managed modular matrices'),
(132, 51, NULL, NULL, NULL, '2019-08-26 15:17:44', 'Right-sized value-added firmware'),
(133, 56, NULL, NULL, NULL, '2019-08-20 03:28:17', 'Profound upward-trending concept'),
(134, 94, NULL, NULL, NULL, '2020-03-21 05:56:53', 'Right-sized incremental core'),
(135, 43, NULL, NULL, NULL, '2020-02-21 03:36:46', 'Reverse-engineered incremental analyzer'),
(136, 97, NULL, NULL, NULL, '2019-06-08 14:35:05', 'Networked encompassing open system'),
(137, 62, NULL, NULL, NULL, '2019-06-05 07:58:37', 'Extended systemic artificial intelligence'),
(138, 69, NULL, NULL, NULL, '2020-05-20 13:53:32', 'Multi-channelled 3rd generation function'),
(139, 86, NULL, NULL, NULL, '2020-03-01 03:14:40', 'Down-sized bandwidth-monitored concept'),
(140, 76, NULL, NULL, NULL, '2019-10-10 11:46:01', 'Virtual logistical budgetary management'),
(141, 90, NULL, NULL, NULL, '2019-07-23 06:19:09', 'Centralized scalable moderator'),
(142, 86, NULL, NULL, NULL, '2019-12-02 02:56:24', 'Polarised intangible benchmark'),
(143, 52, NULL, NULL, NULL, '2020-04-01 07:28:42', 'Right-sized optimal initiative'),
(144, 41, NULL, NULL, NULL, '2019-05-20 11:51:41', 'Horizontal local standardization'),
(145, 64, NULL, NULL, NULL, '2019-03-31 06:44:22', 'Extended client-driven archive'),
(146, 51, NULL, NULL, NULL, '2020-01-16 03:31:07', 'Organic didactic project'),
(147, 36, NULL, NULL, NULL, '2020-05-06 20:26:05', 'Total full-range application'),
(148, 86, NULL, NULL, NULL, '2019-09-28 08:25:16', 'Versatile web-enabled functionalities'),
(149, 50, NULL, NULL, NULL, '2019-09-24 04:22:14', 'Pre-emptive maximized functionalities'),
(150, 84, NULL, NULL, NULL, '2020-03-10 18:17:31', 'Vision-oriented value-added conglomeration'),
(151, 53, NULL, NULL, NULL, '2019-10-18 01:33:34', 'Diverse optimizing attitude'),
(152, 88, NULL, NULL, NULL, '2019-06-17 06:59:39', 'Sharable client-driven synergy'),
(153, 63, NULL, NULL, NULL, '2019-04-16 06:34:33', 'Streamlined zero tolerance knowledge user'),
(154, 58, NULL, NULL, NULL, '2019-09-30 21:24:22', 'Ameliorated executive service-desk'),
(155, 40, NULL, NULL, NULL, '2019-07-07 15:21:45', 'Re-engineered value-added intranet'),
(156, 75, NULL, NULL, NULL, '2020-05-29 05:28:46', 'Enhanced scalable budgetary management'),
(157, 84, NULL, NULL, NULL, '2019-09-06 02:25:12', 'De-engineered bandwidth-monitored toolset'),
(158, 33, NULL, NULL, NULL, '2020-02-12 07:48:03', 'Networked solution-oriented parallelism'),
(159, 30, NULL, NULL, NULL, '2019-11-10 16:19:36', 'Synergistic system-worthy product'),
(160, 74, NULL, NULL, NULL, '2019-11-05 03:19:30', 'Versatile fault-tolerant hardware'),
(161, 90, NULL, NULL, NULL, '2020-03-07 21:39:11', 'Switchable modular firmware'),
(162, 94, NULL, NULL, NULL, '2020-05-27 23:53:49', 'Assimilated radical collaboration'),
(163, 99, NULL, NULL, NULL, '2020-03-24 03:13:23', 'Enterprise-wide demand-driven methodology'),
(164, 58, NULL, NULL, NULL, '2019-09-29 17:01:36', 'Vision-oriented dedicated concept'),
(165, 78, NULL, NULL, NULL, '2020-04-18 15:00:06', 'Grass-roots interactive functionalities'),
(166, 68, NULL, NULL, NULL, '2020-01-05 12:10:34', 'Integrated motivating hierarchy'),
(167, 83, NULL, NULL, NULL, '2019-02-23 16:18:03', 'Expanded executive challenge'),
(168, 63, NULL, NULL, NULL, '2020-04-02 01:18:26', 'Adaptive high-level system engine'),
(169, 90, NULL, NULL, NULL, '2019-08-20 10:29:47', 'Robust logistical protocol'),
(170, 99, NULL, NULL, NULL, '2019-04-16 07:40:48', 'Networked exuding capacity'),
(171, 50, NULL, NULL, NULL, '2019-11-03 05:30:38', 'Reactive bifurcated workforce'),
(172, 65, NULL, NULL, NULL, '2020-05-16 10:19:35', 'Optimized asynchronous superstructure'),
(173, 58, NULL, NULL, NULL, '2020-05-20 21:13:48', 'Vision-oriented 5th generation software'),
(174, 84, NULL, NULL, NULL, '2019-03-18 01:23:54', 'Enterprise-wide national concept'),
(175, 61, NULL, NULL, NULL, '2019-09-19 02:33:41', 'Progressive real-time intranet'),
(176, 72, NULL, NULL, NULL, '2020-04-25 01:52:29', 'Optional multi-state knowledge base'),
(177, 32, NULL, NULL, NULL, '2019-08-25 18:53:41', 'Diverse national algorithm'),
(178, 83, NULL, NULL, NULL, '2019-11-06 00:26:26', 'Decentralized methodical ability'),
(179, 49, NULL, NULL, NULL, '2019-08-07 21:46:03', 'Switchable heuristic structure'),
(180, 53, NULL, NULL, NULL, '2019-11-03 15:07:35', 'Enterprise-wide secondary instruction set'),
(181, 98, NULL, NULL, NULL, '2019-10-08 23:09:09', 'Open-architected clear-thinking utilisation'),
(182, 70, NULL, NULL, NULL, '2019-09-19 13:12:18', 'Devolved incremental parallelism'),
(183, 51, NULL, NULL, NULL, '2019-03-31 10:55:23', 'Innovative explicit emulation'),
(184, 92, NULL, NULL, NULL, '2019-07-14 12:11:22', 'Enterprise-wide bandwidth-monitored conglomeration'),
(185, 55, NULL, NULL, NULL, '2019-10-31 23:50:19', 'Inverse incremental data-warehouse'),
(186, 47, NULL, NULL, NULL, '2019-07-08 23:24:28', 'Inverse demand-driven alliance'),
(187, 29, NULL, NULL, NULL, '2019-06-09 14:02:10', 'Customizable logistical capacity'),
(188, 96, NULL, NULL, NULL, '2020-04-22 03:46:09', 'Fully-configurable systematic core'),
(189, 90, NULL, NULL, NULL, '2019-11-04 10:25:58', 'Pre-emptive optimizing protocol'),
(190, 61, NULL, NULL, NULL, '2019-02-20 06:14:27', 'Progressive context-sensitive internet solution'),
(191, 53, NULL, NULL, NULL, '2020-03-28 07:49:20', 'Visionary bifurcated extranet'),
(192, 60, NULL, NULL, NULL, '2020-01-23 16:08:11', 'Fundamental methodical implementation'),
(193, 32, NULL, NULL, NULL, '2020-04-29 03:03:31', 'Reduced system-worthy access'),
(194, 50, NULL, NULL, NULL, '2019-08-08 05:15:48', 'Open-architected optimal analyzer'),
(195, 45, NULL, NULL, NULL, '2019-09-21 03:02:49', 'Organized fresh-thinking installation'),
(196, 80, NULL, NULL, NULL, '2019-06-17 16:57:26', 'Centralized responsive ability'),
(197, 29, NULL, NULL, NULL, '2019-12-22 07:27:52', 'Re-contextualized tertiary concept'),
(198, 51, NULL, NULL, NULL, '2019-11-28 20:53:40', 'Face to face eco-centric initiative'),
(199, 73, NULL, NULL, NULL, '2019-09-18 15:26:09', 'Virtual real-time core'),
(200, 30, NULL, NULL, NULL, '2019-04-19 04:16:37', 'Object-based bi-directional Graphical User Interface'),
(201, NULL, 'Leilah Banke', 'lbanke0@go.com', '772 158 6744', '2019-03-21 14:50:49', 'Customizable analyzing installation'),
(202, NULL, 'Remy Caulket', 'rcaulket1@google.com.au', '795 302 8790', '2019-09-21 19:21:51', 'Realigned next generation solution'),
(203, NULL, 'Calla Simcock', 'csimcock2@dot.gov', '534 228 5256', '2019-11-21 10:08:31', 'Phased didactic access'),
(204, NULL, 'Beverlee Fitt', 'bfitt3@accuweather.com', '317 818 1875', '2019-04-19 18:04:17', 'Integrated multimedia process improvement'),
(205, NULL, 'Sascha McTrustam', 'smctrustam4@huffingtonpost.com', '319 806 9748', '2020-05-03 23:30:39', 'Organic full-range support'),
(206, NULL, 'Florina Ciccottini', 'fciccottini5@youtube.com', '150 224 6444', '2019-02-04 00:41:21', 'Expanded dynamic array'),
(207, NULL, 'Cal Bottrill', 'cbottrill6@kickstarter.com', '246 446 2494', '2019-05-05 17:02:35', 'Visionary coherent protocol'),
(208, NULL, 'Barbe Gascoine', 'bgascoine7@apple.com', '148 648 2661', '2019-02-15 18:56:48', 'Synergistic coherent hub'),
(209, NULL, 'Haywood Raeside', 'hraeside8@chicagotribune.com', '301 738 0760', '2019-06-04 03:27:12', 'Down-sized actuating ability'),
(210, NULL, 'Claudette Delagua', 'cdelagua9@miibeian.gov.cn', '908 549 0958', '2019-08-17 14:06:13', 'Managed background encryption'),
(211, NULL, 'Burl Potteril', 'bpotterila@php.net', '721 380 6009', '2019-07-11 05:52:15', 'Balanced coherent task-force'),
(212, NULL, 'Anders Lockwood', 'alockwoodb@oracle.com', '274 701 8334', '2019-04-04 20:11:09', 'Fundamental upward-trending functionalities'),
(213, NULL, 'Thia Leif', 'tleifc@naver.com', '947 908 9185', '2020-03-26 16:42:50', 'Advanced heuristic matrix'),
(214, NULL, 'Lonnie Pountney', 'lpountneyd@twitter.com', '179 652 1657', '2019-07-01 08:29:15', 'Quality-focused secondary adapter'),
(215, NULL, 'Dewey McGrotty', 'dmcgrottye@4shared.com', '867 688 7781', '2019-05-08 18:12:41', 'Digitized static Graphical User Interface'),
(216, NULL, 'Effie Brookes', 'ebrookesf@blinklist.com', '685 253 1655', '2020-01-11 06:35:01', 'Configurable impactful access'),
(217, NULL, 'Lyle Tothe', 'ltotheg@utexas.edu', '476 771 6123', '2019-06-20 08:56:34', 'Quality-focused context-sensitive initiative'),
(218, NULL, 'Helaina McGettrick', 'hmcgettrickh@t-online.de', '220 978 4613', '2019-03-28 20:24:20', 'Down-sized holistic product'),
(219, NULL, 'Augy Clifford', 'acliffordi@soup.io', '746 717 3652', '2019-02-28 00:38:12', 'Profound background core'),
(220, NULL, 'Domeniga Embra', 'dembraj@sina.com.cn', '112 743 6005', '2020-03-23 15:41:02', 'Compatible actuating local area network'),
(221, NULL, 'Verina Barriball', 'vbarriballk@go.com', '735 564 7289', '2019-07-02 11:56:21', 'Optimized systemic product'),
(222, NULL, 'Allianora Meys', 'ameysl@independent.co.uk', '650 879 0222', '2019-09-22 16:51:02', 'Multi-tiered encompassing infrastructure'),
(223, NULL, 'Jenny Ottewell', 'jottewellm@ehow.com', '693 281 4789', '2019-12-16 14:37:01', 'Configurable next generation task-force'),
(224, NULL, 'Byrom Shepperd', 'bshepperdn@washingtonpost.com', '917 438 7541', '2020-02-12 01:32:04', 'Switchable multimedia artificial intelligence'),
(225, NULL, 'Wolfgang Drew-Clifton', 'wdrewcliftono@china.com.cn', '913 933 4036', '2019-03-31 00:42:20', 'Persistent value-added function'),
(226, NULL, 'Gabbey Farndell', 'gfarndellp@newsvine.com', '755 647 2618', '2020-04-03 10:30:54', 'Optional non-volatile toolset'),
(227, NULL, 'Rennie O\'Leahy', 'roleahyq@360.cn', '308 102 1494', '2019-02-16 15:35:03', 'Devolved local alliance'),
(228, NULL, 'Enrico Batrim', 'ebatrimr@technorati.com', '278 533 5300', '2019-02-17 13:59:49', 'Configurable bifurcated product'),
(229, NULL, 'Kellyann Reddell', 'kreddells@seattletimes.com', '250 763 6344', '2019-09-24 06:21:13', 'Integrated hybrid benchmark'),
(230, NULL, 'Rossie Inglesent', 'ringlesentt@e-recht24.de', '329 778 7637', '2019-04-20 16:12:15', 'Persevering bifurcated challenge'),
(231, NULL, 'Thorndike Duerden', 'tduerdenu@about.com', '502 552 8063', '2019-12-21 03:26:24', 'Multi-layered holistic portal'),
(232, NULL, 'Abie Deddum', 'adeddumv@skype.com', '679 937 0630', '2019-07-31 18:07:57', 'Upgradable asynchronous middleware'),
(233, NULL, 'Zonnya Bartolini', 'zbartoliniw@house.gov', '941 120 2613', '2019-05-03 10:03:32', 'Profound methodical artificial intelligence'),
(234, NULL, 'Nobe Lesmonde', 'nlesmondex@va.gov', '411 141 1309', '2020-02-04 07:40:11', 'Digitized 6th generation firmware'),
(235, NULL, 'Kort Windebank', 'kwindebanky@virginia.edu', '238 364 7664', '2019-05-29 11:56:44', 'Up-sized tangible hierarchy'),
(236, NULL, 'Mycah Keirl', 'mkeirlz@bravesites.com', '153 327 2082', '2019-12-12 13:35:37', 'Phased 24 hour internet solution'),
(237, NULL, 'Steffane Stebbing', 'sstebbing10@yellowpages.com', '534 561 8660', '2020-05-04 09:48:06', 'Grass-roots clear-thinking conglomeration'),
(238, NULL, 'Terrill Colbeck', 'tcolbeck11@over-blog.com', '672 221 2960', '2020-02-07 08:21:38', 'Up-sized real-time Graphic Interface'),
(239, NULL, 'Alyosha Kobieriecki', 'akobieriecki12@bluehost.com', '859 402 7130', '2020-05-18 18:53:19', 'Innovative cohesive orchestration'),
(240, NULL, 'Ainslie Chimienti', 'achimienti13@eepurl.com', '388 596 3274', '2019-11-30 12:37:16', 'Synergized scalable hierarchy');

--
-- Dumping data for table `gesi_usuarios`
--

INSERT INTO `gesi_usuarios` (`id`, `nif`, `rol`, `nombre`, `apellidos`, `password`, `fecha_nacimiento`, `numero_telefono`, `email`, `fecha_ultimo_acceso`, `fecha_registro`, `grupo`) VALUES
(1, '40565712Z', 3, 'Jenny', 'Emerson Trevino', '$2y$10$hvALymDhxCnbWjlO5hkAl.aCsA9pSSVTcF4m/3cXfh7A/m8oFtiyu', '1555-11-17', '612345678', 'jenny.emersontrevino@email.invalid', '2020-05-27 19:45:51', '2020-05-27 16:04:59', NULL),
(2, '06213239L', 3, 'Brynn', 'Cox Baker', '$2y$10$hvALymDhxCnbWjlO5hkAl.aCsA9pSSVTcF4m/3cXfh7A/m8oFtiyu', '1997-04-18', '972716831', 'brynn.coxbaker@email.invalid', NULL, '2020-05-27 00:00:00', NULL),
(3, '66032825D', 3, 'Irma', 'Nixon Floyd', '$2y$10$hvALymDhxCnbWjlO5hkAl.aCsA9pSSVTcF4m/3cXfh7A/m8oFtiyu', '2005-10-02', '552167628', 'irma.nixonfloyd@email.invalid', NULL, '2020-05-27 00:00:00', NULL),
(4, '94830874B', 3, 'Ima', 'Cooke Trujillo', '$2y$10$hvALymDhxCnbWjlO5hkAl.aCsA9pSSVTcF4m/3cXfh7A/m8oFtiyu', '1994-02-18', '284083290', 'ima.cooketrujillo@email.invalid', NULL, '2020-05-27 00:00:00', NULL),
(5, '21467053A', 2, 'Reuben', 'James Mayo', '$2y$10$hvALymDhxCnbWjlO5hkAl.aCsA9pSSVTcF4m/3cXfh7A/m8oFtiyu', '2005-06-24', '232067986', 'reuben.jamesmayo@email.invalid', '2020-06-16 18:27:55', '2020-05-27 00:00:00', NULL),
(6, '80352376J', 2, 'Lenore', 'Koch Sweeney', '$2y$10$hvALymDhxCnbWjlO5hkAl.aCsA9pSSVTcF4m/3cXfh7A/m8oFtiyu', '2005-02-23', '180292707', 'lenore.kochsweeney@email.invalid', NULL, '2020-05-27 00:00:00', NULL),
(7, '23242053R', 2, 'Katell', 'Hunt Mayo', '$2y$10$hvALymDhxCnbWjlO5hkAl.aCsA9pSSVTcF4m/3cXfh7A/m8oFtiyu', '1996-08-14', '371217033', 'katell.huntmayo@email.invalid', NULL, '2020-05-27 00:00:00', NULL),
(8, '97183776J', 2, 'Abbot', 'Kane Mckee', '$2y$10$hvALymDhxCnbWjlO5hkAl.aCsA9pSSVTcF4m/3cXfh7A/m8oFtiyu', '1995-03-05', '089738863', 'abbot.kanemckee@email.invalid', NULL, '2020-05-27 00:00:00', NULL),
(9, '67977135Z', 2, 'Francis', 'Calhoun Hernandez', '$2y$10$hvALymDhxCnbWjlO5hkAl.aCsA9pSSVTcF4m/3cXfh7A/m8oFtiyu', '2005-06-17', '825971512', 'francis.calhounhernandez@email.invalid', '2020-06-16 18:27:33', '2020-05-27 00:00:00', NULL),
(10, '88780375F', 2, 'Eleanor', 'Dalton Cole', '$2y$10$hvALymDhxCnbWjlO5hkAl.aCsA9pSSVTcF4m/3cXfh7A/m8oFtiyu', '1996-12-13', '978632241', 'eleanor.daltoncole@email.invalid', NULL, '2020-05-27 00:00:00', NULL),
(11, '49526324X', 2, 'Rhonda', 'Chandler Vincent', '$2y$10$hvALymDhxCnbWjlO5hkAl.aCsA9pSSVTcF4m/3cXfh7A/m8oFtiyu', '2002-08-05', '309586425', 'rhonda.chandlervincent@email.invalid', NULL, '2020-05-27 00:00:00', NULL),
(12, '10990542S', 2, 'September', 'Fry Black', '$2y$10$hvALymDhxCnbWjlO5hkAl.aCsA9pSSVTcF4m/3cXfh7A/m8oFtiyu', '2000-10-01', '430175195', 'september.fryblack@email.invalid', NULL, '2020-05-27 00:00:00', NULL),
(13, '29606868A', 2, 'Zia', 'Farmer Duke', '$2y$10$hvALymDhxCnbWjlO5hkAl.aCsA9pSSVTcF4m/3cXfh7A/m8oFtiyu', '2002-12-17', '661249591', 'zia.farmerduke@email.invalid', NULL, '2020-05-27 00:00:00', NULL),
(14, '13118010Y', 2, 'Ina', 'Sweet Aguilar', '$2y$10$hvALymDhxCnbWjlO5hkAl.aCsA9pSSVTcF4m/3cXfh7A/m8oFtiyu', '1995-12-13', '136547414', 'ina.sweetaguilar@email.invalid', NULL, '2020-05-27 00:00:00', NULL),
(15, '86635323G', 2, 'Omar', 'Delgado Barton', '$2y$10$hvALymDhxCnbWjlO5hkAl.aCsA9pSSVTcF4m/3cXfh7A/m8oFtiyu', '2002-04-27', '717724070', 'omar.delgadobarton@email.invalid', NULL, '2020-05-27 00:00:00', NULL),
(16, '02832674V', 2, 'Yvette', 'Schwartz Mueller', '$2y$10$hvALymDhxCnbWjlO5hkAl.aCsA9pSSVTcF4m/3cXfh7A/m8oFtiyu', '1994-02-16', '831425028', 'yvette.schwartzmueller@email.invalid', NULL, '2020-05-27 00:00:00', NULL),
(17, '29485554Z', 2, 'Vielka', 'Walls Lang', '$2y$10$hvALymDhxCnbWjlO5hkAl.aCsA9pSSVTcF4m/3cXfh7A/m8oFtiyu', '2004-08-12', '974296510', 'vielka.wallslang@email.invalid', NULL, '2020-05-27 00:00:00', NULL),
(18, '26614904V', 2, 'Brett', 'Odom Brown', '$2y$10$hvALymDhxCnbWjlO5hkAl.aCsA9pSSVTcF4m/3cXfh7A/m8oFtiyu', '1995-10-04', '433614841', 'brett.odombrown@email.invalid', NULL, '2020-05-27 00:00:00', NULL),
(19, '09240056J', 2, 'Catherine', 'Wynn Gray', '$2y$10$hvALymDhxCnbWjlO5hkAl.aCsA9pSSVTcF4m/3cXfh7A/m8oFtiyu', '2003-08-27', '238530628', 'catherine.wynngray@email.invalid', NULL, '2020-05-27 00:00:00', NULL),
(20, '26429272H', 2, 'Felix', 'Duffy Hayes', '$2y$10$hvALymDhxCnbWjlO5hkAl.aCsA9pSSVTcF4m/3cXfh7A/m8oFtiyu', '1993-10-03', '675732955', 'felix.duffyhayes@email.invalid', NULL, '2020-05-27 00:00:00', NULL),
(21, '19111471N', 2, 'Emerald', 'Thomas Suarez', '$2y$10$hvALymDhxCnbWjlO5hkAl.aCsA9pSSVTcF4m/3cXfh7A/m8oFtiyu', '2003-03-11', '757414607', 'emerald.thomassuarez@email.invalid', '2020-06-16 17:37:11', '2020-05-27 00:00:00', NULL),
(22, '91720004Y', 2, 'Abel', 'Garza Bonner', '$2y$10$hvALymDhxCnbWjlO5hkAl.aCsA9pSSVTcF4m/3cXfh7A/m8oFtiyu', '1993-02-12', '477886706', 'abel.garzabonner@email.invalid', NULL, '2020-05-27 00:00:00', NULL),
(23, '00448690Y', 2, 'Zeus', 'Emerson Reilly', '$2y$10$hvALymDhxCnbWjlO5hkAl.aCsA9pSSVTcF4m/3cXfh7A/m8oFtiyu', '1998-02-14', '484838772', 'zeus.emersonreilly@email.invalid', NULL, '2020-05-27 00:00:00', NULL),
(24, '08235669J', 2, 'Carolyn', 'Mclean Kelly', '$2y$10$hvALymDhxCnbWjlO5hkAl.aCsA9pSSVTcF4m/3cXfh7A/m8oFtiyu', '1998-01-07', '028188846', 'carolyn.mcleankelly@email.invalid', NULL, '2020-05-27 00:00:00', NULL),
(25, '08683419E', 2, 'Blair', 'Gonzalez Head', '$2y$10$hvALymDhxCnbWjlO5hkAl.aCsA9pSSVTcF4m/3cXfh7A/m8oFtiyu', '2003-04-23', '233127411', 'blair.gonzalezhead@email.invalid', NULL, '2020-05-27 00:00:00', NULL),
(26, '42541795Y', 2, 'Mufutau', 'Ochoa Mills', '$2y$10$hvALymDhxCnbWjlO5hkAl.aCsA9pSSVTcF4m/3cXfh7A/m8oFtiyu', '2001-08-19', '705790939', 'mufutau.ochoamills@email.invalid', NULL, '2020-05-27 00:00:00', NULL),
(27, '13343498W', 2, 'Maya', 'George Berry', '$2y$10$hvALymDhxCnbWjlO5hkAl.aCsA9pSSVTcF4m/3cXfh7A/m8oFtiyu', '2001-09-07', '524584303', 'maya.georgeberry@email.invalid', NULL, '2020-05-27 00:00:00', NULL),
(28, '48412979A', 2, 'David', 'Richmond Rasmussen', '$2y$10$hvALymDhxCnbWjlO5hkAl.aCsA9pSSVTcF4m/3cXfh7A/m8oFtiyu', '2003-11-03', '076511032', 'david.richmondrasmussen@email.invalid', NULL, '2020-05-27 00:00:00', NULL),
(29, '85993374P', 1, 'Brendan', 'Lowe Collins', '$2y$10$hvALymDhxCnbWjlO5hkAl.aCsA9pSSVTcF4m/3cXfh7A/m8oFtiyu', '1997-12-10', '896669170', 'brendan.lowecollins@email.invalid', NULL, '2020-05-27 00:00:00', 1),
(30, '66784074D', 1, 'Amal', 'Sexton Leblanc', '$2y$10$hvALymDhxCnbWjlO5hkAl.aCsA9pSSVTcF4m/3cXfh7A/m8oFtiyu', '2000-10-31', '370035678', 'amal.sextonleblanc@email.invalid', NULL, '2020-05-27 00:00:00', 1),
(31, '22397307E', 1, 'Seth', 'Merritt Hogan', '$2y$10$hvALymDhxCnbWjlO5hkAl.aCsA9pSSVTcF4m/3cXfh7A/m8oFtiyu', '2000-01-11', '703389131', 'seth.merritthogan@email.invalid', NULL, '2020-05-27 00:00:00', 1),
(32, '31906673S', 1, 'Hermione', 'Gill Mcgowan', '$2y$10$hvALymDhxCnbWjlO5hkAl.aCsA9pSSVTcF4m/3cXfh7A/m8oFtiyu', '1993-10-16', '424147501', 'hermione.gillmcgowan@email.invalid', NULL, '2020-05-27 00:00:00', 1),
(33, '59912132F', 1, 'Kaseem', 'Barker Fernandez', '$2y$10$hvALymDhxCnbWjlO5hkAl.aCsA9pSSVTcF4m/3cXfh7A/m8oFtiyu', '2004-01-27', '578743292', 'kaseem.barkerfernandez@email.invalid', NULL, '2020-05-27 00:00:00', 1),
(34, '17516850G', 1, 'Ryder', 'Wiggins Ballard', '$2y$10$hvALymDhxCnbWjlO5hkAl.aCsA9pSSVTcF4m/3cXfh7A/m8oFtiyu', '2005-10-21', '390751153', 'ryder.wigginsballard@email.invalid', NULL, '2020-05-27 00:00:00', 1),
(35, '46065148N', 1, 'Uta', 'Tucker Vaughan', '$2y$10$hvALymDhxCnbWjlO5hkAl.aCsA9pSSVTcF4m/3cXfh7A/m8oFtiyu', '2003-04-01', '326315323', 'uta.tuckervaughan@email.invalid', NULL, '2020-05-27 00:00:00', 1),
(36, '48390223V', 1, 'Farrah', 'Mcgee Stevens', '$2y$10$hvALymDhxCnbWjlO5hkAl.aCsA9pSSVTcF4m/3cXfh7A/m8oFtiyu', '1993-09-10', '199891370', 'farrah.mcgeestevens@email.invalid', NULL, '2020-05-27 00:00:00', 1),
(37, '39420538X', 1, 'Christopher', 'Leblanc Pittman', '$2y$10$hvALymDhxCnbWjlO5hkAl.aCsA9pSSVTcF4m/3cXfh7A/m8oFtiyu', '2003-11-02', '259852221', 'christopher.leblancpittman@email.invalid', NULL, '2020-05-27 00:00:00', 1),
(38, '01733208C', 1, 'Meredith', 'Manning Anthony', '$2y$10$hvALymDhxCnbWjlO5hkAl.aCsA9pSSVTcF4m/3cXfh7A/m8oFtiyu', '1996-07-23', '817892438', 'meredith.manninganthony@email.invalid', NULL, '2020-05-27 00:00:00', 1),
(39, '74219189Y', 1, 'Serina', 'Bruce Solis', '$2y$10$hvALymDhxCnbWjlO5hkAl.aCsA9pSSVTcF4m/3cXfh7A/m8oFtiyu', '2002-08-05', '668550911', 'serina.brucesolis@email.invalid', NULL, '2020-05-27 00:00:00', 1),
(40, '04901381N', 1, 'Katell', 'Leach Eaton', '$2y$10$hvALymDhxCnbWjlO5hkAl.aCsA9pSSVTcF4m/3cXfh7A/m8oFtiyu', '2000-06-07', '497824457', 'katell.leacheaton@email.invalid', NULL, '2020-05-27 00:00:00', 1),
(41, '00442084R', 1, 'Rhiannon', 'Good Sparks', '$2y$10$hvALymDhxCnbWjlO5hkAl.aCsA9pSSVTcF4m/3cXfh7A/m8oFtiyu', '1999-06-21', '266872766', 'rhiannon.goodsparks@email.invalid', NULL, '2020-05-27 00:00:00', 2),
(42, '93914091P', 1, 'Charissa', 'Morgan Trevino', '$2y$10$hvALymDhxCnbWjlO5hkAl.aCsA9pSSVTcF4m/3cXfh7A/m8oFtiyu', '2004-06-11', '801513726', 'charissa.morgantrevino@email.invalid', NULL, '2020-05-27 00:00:00', 2),
(43, '23292395L', 1, 'Indira', 'Ayers Payne', '$2y$10$hvALymDhxCnbWjlO5hkAl.aCsA9pSSVTcF4m/3cXfh7A/m8oFtiyu', '1999-10-16', '499523770', 'indira.ayerspayne@email.invalid', NULL, '2020-05-27 00:00:00', 2),
(44, '55189159S', 1, 'Axel', 'Dennis Gardner', '$2y$10$hvALymDhxCnbWjlO5hkAl.aCsA9pSSVTcF4m/3cXfh7A/m8oFtiyu', '1998-04-30', '097814101', 'axel.dennisgardner@email.invalid', NULL, '2020-05-27 00:00:00', 2),
(45, '38469431E', 1, 'Cecilia', 'Swanson Henry', '$2y$10$hvALymDhxCnbWjlO5hkAl.aCsA9pSSVTcF4m/3cXfh7A/m8oFtiyu', '2005-03-24', '048984194', 'cecilia.swansonhenry@email.invalid', NULL, '2020-05-27 00:00:00', 2),
(46, '35051008C', 1, 'Lila', 'Cantrell Love', '$2y$10$hvALymDhxCnbWjlO5hkAl.aCsA9pSSVTcF4m/3cXfh7A/m8oFtiyu', '2000-12-19', '400076958', 'lila.cantrelllove@email.invalid', NULL, '2020-05-27 00:00:00', 2),
(47, '55062350M', 1, 'Bree', 'Rollins Griffith', '$2y$10$hvALymDhxCnbWjlO5hkAl.aCsA9pSSVTcF4m/3cXfh7A/m8oFtiyu', '1994-01-26', '359945069', 'bree.rollinsgriffith@email.invalid', NULL, '2020-05-27 00:00:00', 2),
(48, '18253087B', 1, 'Samantha', 'Gill Snider', '$2y$10$hvALymDhxCnbWjlO5hkAl.aCsA9pSSVTcF4m/3cXfh7A/m8oFtiyu', '2000-01-07', '755154030', 'samantha.gillsnider@email.invalid', NULL, '2020-05-27 00:00:00', 2),
(49, '18293732S', 1, 'Elliott', 'Wilkinson Schwartz', '$2y$10$hvALymDhxCnbWjlO5hkAl.aCsA9pSSVTcF4m/3cXfh7A/m8oFtiyu', '2001-01-19', '951466631', 'elliott.wilkinsonschwartz@email.invalid', NULL, '2020-05-27 00:00:00', 2),
(50, '44323735K', 1, 'Macey', 'Blevins Fleming', '$2y$10$hvALymDhxCnbWjlO5hkAl.aCsA9pSSVTcF4m/3cXfh7A/m8oFtiyu', '1998-09-29', '451561020', 'macey.blevinsfleming@email.invalid', NULL, '2020-05-27 00:00:00', 2),
(51, '13492780Z', 1, 'Sigourney', 'King Bright', '$2y$10$hvALymDhxCnbWjlO5hkAl.aCsA9pSSVTcF4m/3cXfh7A/m8oFtiyu', '1999-11-19', '279800845', 'sigourney.kingbright@email.invalid', NULL, '2020-05-27 00:00:00', 2),
(52, '89772793K', 1, 'Reuben', 'Cote Maxwell', '$2y$10$hvALymDhxCnbWjlO5hkAl.aCsA9pSSVTcF4m/3cXfh7A/m8oFtiyu', '2004-04-04', '469275613', 'reuben.cotemaxwell@email.invalid', NULL, '2020-05-27 00:00:00', 2),
(53, '26448923G', 1, 'Jaquelyn', 'Ramirez Roberts', '$2y$10$hvALymDhxCnbWjlO5hkAl.aCsA9pSSVTcF4m/3cXfh7A/m8oFtiyu', '2000-10-10', '498825545', 'jaquelyn.ramirezroberts@email.invalid', NULL, '2020-05-27 00:00:00', 3),
(54, '21578628M', 1, 'Elton', 'Sykes Doyle', '$2y$10$hvALymDhxCnbWjlO5hkAl.aCsA9pSSVTcF4m/3cXfh7A/m8oFtiyu', '1997-09-04', '228239059', 'elton.sykesdoyle@email.invalid', NULL, '2020-05-27 00:00:00', 3),
(55, '94638985B', 1, 'Amery', 'Mcmillan Morris', '$2y$10$hvALymDhxCnbWjlO5hkAl.aCsA9pSSVTcF4m/3cXfh7A/m8oFtiyu', '1993-01-15', '470806430', 'amery.mcmillanmorris@email.invalid', NULL, '2020-05-27 00:00:00', 3),
(56, '39024408D', 1, 'Carissa', 'Bonner Santos', '$2y$10$hvALymDhxCnbWjlO5hkAl.aCsA9pSSVTcF4m/3cXfh7A/m8oFtiyu', '2005-10-09', '197942290', 'carissa.bonnersantos@email.invalid', NULL, '2020-05-27 00:00:00', 3),
(57, '06646496W', 1, 'Arthur', 'Lynch Dawson', '$2y$10$hvALymDhxCnbWjlO5hkAl.aCsA9pSSVTcF4m/3cXfh7A/m8oFtiyu', '1993-12-02', '743939418', 'arthur.lynchdawson@email.invalid', NULL, '2020-05-27 00:00:00', 3),
(58, '01420085L', 1, 'Prescott', 'Collins Wall', '$2y$10$hvALymDhxCnbWjlO5hkAl.aCsA9pSSVTcF4m/3cXfh7A/m8oFtiyu', '1994-12-29', '612516447', 'prescott.collinswall@email.invalid', NULL, '2020-05-27 00:00:00', 3),
(59, '53632830G', 1, 'Victor', 'Hooper Pickett', '$2y$10$hvALymDhxCnbWjlO5hkAl.aCsA9pSSVTcF4m/3cXfh7A/m8oFtiyu', '1999-06-05', '511728896', 'victor.hooperpickett@email.invalid', NULL, '2020-05-27 00:00:00', 3),
(60, '86419143R', 1, 'Hayes', 'Garrison Knowles', '$2y$10$hvALymDhxCnbWjlO5hkAl.aCsA9pSSVTcF4m/3cXfh7A/m8oFtiyu', '2003-04-05', '869373765', 'hayes.garrisonknowles@email.invalid', NULL, '2020-05-27 00:00:00', 3),
(61, '10884840K', 1, 'Evan', 'Kinney Leonard', '$2y$10$hvALymDhxCnbWjlO5hkAl.aCsA9pSSVTcF4m/3cXfh7A/m8oFtiyu', '2003-10-30', '190843824', 'evan.kinneyleonard@email.invalid', NULL, '2020-05-27 00:00:00', 3),
(62, '23274195N', 1, 'Deanna', 'Hewitt Dyer', '$2y$10$hvALymDhxCnbWjlO5hkAl.aCsA9pSSVTcF4m/3cXfh7A/m8oFtiyu', '2002-07-04', '693446812', 'deanna.hewittdyer@email.invalid', NULL, '2020-05-27 00:00:00', 3),
(63, '02571894B', 1, 'Fay', 'Tran Herring', '$2y$10$hvALymDhxCnbWjlO5hkAl.aCsA9pSSVTcF4m/3cXfh7A/m8oFtiyu', '1993-09-30', '332471400', 'fay.tranherring@email.invalid', NULL, '2020-05-27 00:00:00', 3),
(64, '54406830P', 1, 'Alfonso', 'Hodges Gallegos', '$2y$10$hvALymDhxCnbWjlO5hkAl.aCsA9pSSVTcF4m/3cXfh7A/m8oFtiyu', '2002-05-20', '371209097', 'alfonso.hodgesgallegos@email.invalid', NULL, '2020-05-27 00:00:00', 3),
(65, '32585214X', 1, 'Heidi', 'Simon Nichols', '$2y$10$hvALymDhxCnbWjlO5hkAl.aCsA9pSSVTcF4m/3cXfh7A/m8oFtiyu', '2000-09-29', '124114403', 'heidi.simonnichols@email.invalid', NULL, '2020-05-27 00:00:00', 4),
(66, '62045803Z', 1, 'Uriel', 'Mathis Leonard', '$2y$10$hvALymDhxCnbWjlO5hkAl.aCsA9pSSVTcF4m/3cXfh7A/m8oFtiyu', '2001-02-28', '763398591', 'uriel.mathisleonard@email.invalid', NULL, '2020-05-27 00:00:00', 4),
(67, '44043704S', 1, 'Kevin', 'Slater Bradley', '$2y$10$hvALymDhxCnbWjlO5hkAl.aCsA9pSSVTcF4m/3cXfh7A/m8oFtiyu', '2000-08-25', '676752936', 'kevin.slaterbradley@email.invalid', NULL, '2020-05-27 00:00:00', 4),
(68, '36367913Z', 1, 'Wing', 'Hampton Horn', '$2y$10$hvALymDhxCnbWjlO5hkAl.aCsA9pSSVTcF4m/3cXfh7A/m8oFtiyu', '1996-02-21', '590115796', 'wing.hamptonhorn@email.invalid', NULL, '2020-05-27 00:00:00', 4),
(69, '67424662R', 1, 'Cameran', 'Ballard Briggs', '$2y$10$hvALymDhxCnbWjlO5hkAl.aCsA9pSSVTcF4m/3cXfh7A/m8oFtiyu', '1994-12-23', '005957937', 'cameran.ballardbriggs@email.invalid', NULL, '2020-05-27 00:00:00', 4),
(70, '12955546Z', 1, 'Amber', 'Bruce Bond', '$2y$10$hvALymDhxCnbWjlO5hkAl.aCsA9pSSVTcF4m/3cXfh7A/m8oFtiyu', '2003-10-28', '700691239', 'amber.brucebond@email.invalid', NULL, '2020-05-27 00:00:00', 4),
(71, '38210281J', 1, 'Samson', 'Massey Sullivan', '$2y$10$hvALymDhxCnbWjlO5hkAl.aCsA9pSSVTcF4m/3cXfh7A/m8oFtiyu', '2004-09-27', '322064687', 'samson.masseysullivan@email.invalid', NULL, '2020-05-27 00:00:00', 4),
(72, '29108908Q', 1, 'Callum', 'Holland Holder', '$2y$10$hvALymDhxCnbWjlO5hkAl.aCsA9pSSVTcF4m/3cXfh7A/m8oFtiyu', '1999-11-26', '761573324', 'callum.hollandholder@email.invalid', NULL, '2020-05-27 00:00:00', 4),
(73, '40849471E', 1, 'Lionel', 'Golden Guerra', '$2y$10$hvALymDhxCnbWjlO5hkAl.aCsA9pSSVTcF4m/3cXfh7A/m8oFtiyu', '1993-06-17', '486002149', 'lionel.goldenguerra@email.invalid', NULL, '2020-05-27 00:00:00', 4),
(74, '37068015L', 1, 'Neil', 'Lucas Dillon', '$2y$10$hvALymDhxCnbWjlO5hkAl.aCsA9pSSVTcF4m/3cXfh7A/m8oFtiyu', '2002-12-05', '944131313', 'neil.lucasdillon@email.invalid', NULL, '2020-05-27 00:00:00', 4),
(75, '94004103K', 1, 'Jin', 'Lindsay Hurst', '$2y$10$hvALymDhxCnbWjlO5hkAl.aCsA9pSSVTcF4m/3cXfh7A/m8oFtiyu', '2000-06-18', '841554109', 'jin.lindsayhurst@email.invalid', NULL, '2020-05-27 00:00:00', 4),
(76, '13430995F', 1, 'Alexa', 'Holman Woodard', '$2y$10$hvALymDhxCnbWjlO5hkAl.aCsA9pSSVTcF4m/3cXfh7A/m8oFtiyu', '1999-10-25', '364814432', 'alexa.holmanwoodard@email.invalid', NULL, '2020-05-27 00:00:00', 4),
(77, '41009935S', 1, 'Naomi', 'Weaver Gomez', '$2y$10$hvALymDhxCnbWjlO5hkAl.aCsA9pSSVTcF4m/3cXfh7A/m8oFtiyu', '2000-09-29', '633026517', 'naomi.weavergomez@email.invalid', NULL, '2020-05-27 00:00:00', 5),
(78, '34993899C', 1, 'Fay', 'Sawyer Hill', '$2y$10$hvALymDhxCnbWjlO5hkAl.aCsA9pSSVTcF4m/3cXfh7A/m8oFtiyu', '2001-01-19', '708197182', 'fay.sawyerhill@email.invalid', NULL, '2020-05-27 00:00:00', 5),
(79, '34380227B', 1, 'Upton', 'Conway Thornton', '$2y$10$hvALymDhxCnbWjlO5hkAl.aCsA9pSSVTcF4m/3cXfh7A/m8oFtiyu', '1994-10-07', '026525261', 'upton.conwaythornton@email.invalid', NULL, '2020-05-27 00:00:00', 5),
(80, '73959118L', 1, 'Allegra', 'Quinn Cruz', '$2y$10$hvALymDhxCnbWjlO5hkAl.aCsA9pSSVTcF4m/3cXfh7A/m8oFtiyu', '2001-07-27', '532231136', 'allegra.quinncruz@email.invalid', NULL, '2020-05-27 00:00:00', 5),
(81, '07151138R', 1, 'Bell', 'Kirkland Adams', '$2y$10$hvALymDhxCnbWjlO5hkAl.aCsA9pSSVTcF4m/3cXfh7A/m8oFtiyu', '1999-10-04', '892073268', 'bell.kirklandadams@email.invalid', NULL, '2020-05-27 00:00:00', 5),
(82, '72865558V', 1, 'Hanae', 'Ferguson Ingram', '$2y$10$hvALymDhxCnbWjlO5hkAl.aCsA9pSSVTcF4m/3cXfh7A/m8oFtiyu', '2005-04-17', '139763303', 'hanae.fergusoningram@email.invalid', NULL, '2020-05-27 00:00:00', 5),
(83, '15439588X', 1, 'Neville', 'Bryan Baldwin', '$2y$10$hvALymDhxCnbWjlO5hkAl.aCsA9pSSVTcF4m/3cXfh7A/m8oFtiyu', '2005-09-28', '576637318', 'neville.bryanbaldwin@email.invalid', NULL, '2020-05-27 00:00:00', 6),
(84, '03703076F', 1, 'Steel', 'Harrell Horn', '$2y$10$hvALymDhxCnbWjlO5hkAl.aCsA9pSSVTcF4m/3cXfh7A/m8oFtiyu', '2000-04-08', '645032606', 'steel.harrellhorn@email.invalid', NULL, '2020-05-27 00:00:00', 6),
(85, '34308105V', 1, 'Justina', 'Frazier Berg', '$2y$10$hvALymDhxCnbWjlO5hkAl.aCsA9pSSVTcF4m/3cXfh7A/m8oFtiyu', '1994-06-25', '568724661', 'justina.frazierberg@email.invalid', NULL, '2020-05-27 00:00:00', 6),
(86, '04702953M', 1, 'Xandra', 'Hayden Grimes', '$2y$10$hvALymDhxCnbWjlO5hkAl.aCsA9pSSVTcF4m/3cXfh7A/m8oFtiyu', '1995-07-07', '578114524', 'xandra.haydengrimes@email.invalid', NULL, '2020-05-27 00:00:00', 6),
(87, '18638485K', 1, 'Rhiannon', 'Carpenter Rutledge', '$2y$10$hvALymDhxCnbWjlO5hkAl.aCsA9pSSVTcF4m/3cXfh7A/m8oFtiyu', '1998-03-14', '322777296', 'rhiannon.carpenterrutledge@email.invalid', NULL, '2020-05-27 00:00:00', 6),
(88, '95860777C', 1, 'Daria', 'Moore Dudley', '$2y$10$hvALymDhxCnbWjlO5hkAl.aCsA9pSSVTcF4m/3cXfh7A/m8oFtiyu', '2002-09-23', '203997886', 'daria.mooredudley@email.invalid', NULL, '2020-05-27 00:00:00', 6),
(89, '74391957K', 1, 'Shelby', 'Craft Goff', '$2y$10$hvALymDhxCnbWjlO5hkAl.aCsA9pSSVTcF4m/3cXfh7A/m8oFtiyu', '2005-10-06', '935786111', 'shelby.craftgoff@email.invalid', NULL, '2020-05-27 00:00:00', 7),
(90, '55818762Q', 1, 'Mercedes', 'Moss Russo', '$2y$10$hvALymDhxCnbWjlO5hkAl.aCsA9pSSVTcF4m/3cXfh7A/m8oFtiyu', '2001-01-01', '449241195', 'mercedes.mossrusso@email.invalid', NULL, '2020-05-27 00:00:00', 7),
(91, '01706578R', 1, 'Keane', 'Massey Zamora', '$2y$10$hvALymDhxCnbWjlO5hkAl.aCsA9pSSVTcF4m/3cXfh7A/m8oFtiyu', '1999-09-28', '099174611', 'keane.masseyzamora@email.invalid', NULL, '2020-05-27 00:00:00', 7),
(92, '61956895R', 1, 'Pearl', 'Mays Kim', '$2y$10$hvALymDhxCnbWjlO5hkAl.aCsA9pSSVTcF4m/3cXfh7A/m8oFtiyu', '1999-08-27', '653765303', 'pearl.mayskim@email.invalid', NULL, '2020-05-27 00:00:00', 7),
(93, '95745830G', 1, 'Louis', 'Yates Gay', '$2y$10$hvALymDhxCnbWjlO5hkAl.aCsA9pSSVTcF4m/3cXfh7A/m8oFtiyu', '2003-12-20', '412656659', 'louis.yatesgay@email.invalid', NULL, '2020-05-27 00:00:00', 7),
(94, '35138990G', 1, 'Kamal', 'Harris Gould', '$2y$10$hvALymDhxCnbWjlO5hkAl.aCsA9pSSVTcF4m/3cXfh7A/m8oFtiyu', '2002-03-01', '356332932', 'kamal.harrisgould@email.invalid', NULL, '2020-05-27 00:00:00', 7),
(95, '78860275Z', 1, 'Ebony', 'Fox Porter', '$2y$10$hvALymDhxCnbWjlO5hkAl.aCsA9pSSVTcF4m/3cXfh7A/m8oFtiyu', '1997-09-17', '376105824', 'ebony.foxporter@email.invalid', NULL, '2020-05-27 00:00:00', 8),
(96, '29377124Y', 1, 'Xandra', 'Pittman Williams', '$2y$10$hvALymDhxCnbWjlO5hkAl.aCsA9pSSVTcF4m/3cXfh7A/m8oFtiyu', '1994-12-03', '049013626', 'xandra.pittmanwilliams@email.invalid', NULL, '2020-05-27 00:00:00', 8),
(97, '87974064F', 1, 'Sopoline', 'Hanson Carpenter', '$2y$10$hvALymDhxCnbWjlO5hkAl.aCsA9pSSVTcF4m/3cXfh7A/m8oFtiyu', '2001-07-02', '049490469', 'sopoline.hansoncarpenter@email.invalid', NULL, '2020-05-27 00:00:00', 8),
(98, '54767205L', 1, 'Neil', 'Hurley Perry', '$2y$10$hvALymDhxCnbWjlO5hkAl.aCsA9pSSVTcF4m/3cXfh7A/m8oFtiyu', '2004-07-29', '501163074', 'neil.hurleyperry@email.invalid', NULL, '2020-05-27 00:00:00', 8),
(99, '87501711M', 1, 'Serena', 'Gilbert Potts', '$2y$10$hvALymDhxCnbWjlO5hkAl.aCsA9pSSVTcF4m/3cXfh7A/m8oFtiyu', '1995-12-30', '230706449', 'serena.gilbertpotts@email.invalid', NULL, '2020-05-27 00:00:00', 8),
(100, '12672046N', 1, 'Blossom', 'Hutchinson Decker', '$2y$10$hvALymDhxCnbWjlO5hkAl.aCsA9pSSVTcF4m/3cXfh7A/m8oFtiyu', '1996-06-14', '054144217', 'blossom.hutchinsondecker@email.invalid', NULL, '2020-05-27 00:00:00', 8);
COMMIT;

/*!40101 SET CHARACTER_SET_CLIENT=@OLD_CHARACTER_SET_CLIENT */;
/*!40101 SET CHARACTER_SET_RESULTS=@OLD_CHARACTER_SET_RESULTS */;
/*!40101 SET COLLATION_CONNECTION=@OLD_COLLATION_CONNECTION */;
